created_at,title,contract,primary_family,families,identity_or_brand_review,zora_url
2026-09-01T17:02:23+00:00,ALICIA LEWIS — KAREN11 ANCHOR #8,0x3de98ce63339443e209e948915b3a1782bcc64fc,GPK_NEWSROOM_SATIRE,GPK_NEWSROOM_SATIRE|RECEIPT_SYSTEM,true,https://zora.co/coin/base:0x3de98ce63339443e209e948915b3a1782bcc64fc
2026-08-31T19:11:45+00:00,GENERAL GARBAGE BRO // BOX D: PENTAGON EDITION,0x62d69145492d29e5ac9dcd662a33446c4b4dd192,RECEIPT_SYSTEM,RECEIPT_SYSTEM|PROTOCOL_TECHNICAL,false,https://zora.co/coin/base:0x62d69145492d29e5ac9dcd662a33446c4b4dd192
2026-08-31T17:05:21+00:00,LEELOO MULTIPASS — ATOMIC RECEIPT,0x85f8dfd85c77c0dd6fa667d021bccfa5d1d21328,RECEIPT_SYSTEM,RECEIPT_SYSTEM,true,https://zora.co/coin/base:0x85f8dfd85c77c0dd6fa667d021bccfa5d1d21328
2026-08-31T12:19:27+00:00,APP-ATTACKED AL — Clarity on Indeed,0x589f39fbac0842778fd0a25217a0beb001a074c7,GPK_NEWSROOM_SATIRE,GPK_NEWSROOM_SATIRE,false,https://zora.co/coin/base:0x589f39fbac0842778fd0a25217a0beb001a074c7
2026-08-31T11:27:35+00:00,CLASSIFIED CLYDE: “The menu is public. The meat remains a mystery.”,0x921135ac7ea1cd8b08bf7efc9787b332782eadf9,RECEIPT_SYSTEM,RECEIPT_SYSTEM,true,https://zora.co/coin/base:0x921135ac7ea1cd8b08bf7efc9787b332782eadf9
2026-08-29T07:17:47+00:00,RECEIPT RICHIE — THE HASH HOLE CASE,0x48a982e0cce716a641f6c7446f04eb804830b6e0,RECEIPT_SYSTEM,RECEIPT_SYSTEM,false,https://zora.co/coin/base:0x48a982e0cce716a641f6c7446f04eb804830b6e0
2026-08-29T07:00:13+00:00,COINBASEKIDS,0xb6407c5080c64dec5ee1d5505cb7914805e3e134,STANDALONE_ART,STANDALONE_ART,false,https://zora.co/coin/base:0xb6407c5080c64dec5ee1d5505cb7914805e3e134
2026-08-28T17:38:31+00:00,LAKE SHARPIE,0x57dc94172cf1c06f6f5aedba41ca49f63b7f2a62,RECEIPT_SYSTEM,RECEIPT_SYSTEM,false,https://zora.co/coin/base:0x57dc94172cf1c06f6f5aedba41ca49f63b7f2a62
2026-08-28T11:24:47+00:00,The Gray Baby Files: When the Sandbox Grew Up,0x97cdf738921d8cbf33f6d4ae13fbab5dd863c4db,GRAY_BABY_UNIVERSE,GRAY_BABY_UNIVERSE|RECEIPT_SYSTEM|PROTOCOL_TECHNICAL,false,https://zora.co/coin/base:0x97cdf738921d8cbf33f6d4ae13fbab5dd863c4db
2026-08-28T11:05:13+00:00,TODAY’S ZORA GRAY BABY REPORT — 2026-08-28,0xe6c8226b1253d0fed32e62f75e53676345121673,GRAY_BABY_UNIVERSE,GRAY_BABY_UNIVERSE|RECEIPT_SYSTEM|PROTOCOL_TECHNICAL,false,https://zora.co/coin/base:0xe6c8226b1253d0fed32e62f75e53676345121673
2026-08-27T16:09:27+00:00,Gray Baby Incident report,0x624a38154a71e6ca69701812b19fe69e0d65c754,GRAY_BABY_UNIVERSE,GRAY_BABY_UNIVERSE|RECEIPT_SYSTEM,false,https://zora.co/coin/base:0x624a38154a71e6ca69701812b19fe69e0d65c754
2026-08-26T15:28:11+00:00,CNN SPECIAL REPORT,0x8cb3f98529623de0351f8283298b25b81adf4dbc,GRAY_BABY_UNIVERSE,GRAY_BABY_UNIVERSE|RECEIPT_SYSTEM,true,https://zora.co/coin/base:0x8cb3f98529623de0351f8283298b25b81adf4dbc
2026-08-26T12:10:09+00:00,BOXDEE GRAY BABY — SDNY EDITION,0xc66f53a29df760ee036ca54df0dc337111095ad3,GRAY_BABY_UNIVERSE,GRAY_BABY_UNIVERSE|RECEIPT_SYSTEM,false,https://zora.co/coin/base:0xc66f53a29df760ee036ca54df0dc337111095ad3
2026-08-26T06:30:31+00:00,"VERIFY ME, BRO #001",0x85259b7c1316c84b897e46e626bce771d664ff43,PROTOCOL_TECHNICAL,PROTOCOL_TECHNICAL,true,https://zora.co/coin/base:0x85259b7c1316c84b897e46e626bce771d664ff43
2026-08-26T06:04:07+00:00,Turing Machine,0xf924a3ddbc23644f5b151e439cd9e9fa7d7d5b5a,RECEIPT_SYSTEM,RECEIPT_SYSTEM,false,https://zora.co/coin/base:0xf924a3ddbc23644f5b151e439cd9e9fa7d7d5b5a
2026-08-19T07:54:21+00:00,AMERICAN GRAY BABY — RECEIPT STANDARD 🇺🇸🛸,0x0bd63fe9e476bae76a334dfb94d6f3d31d49a076,GRAY_BABY_UNIVERSE,GRAY_BABY_UNIVERSE|RECEIPT_SYSTEM,false,https://zora.co/coin/base:0x0bd63fe9e476bae76a334dfb94d6f3d31d49a076
2026-08-19T03:33:15+00:00,MINNESOTA FRAUD REPLAY 🧅🧌,0xa0ff768dbeec6ebfdc1eaefa148e47f14d7ecdaf,COURT_PROCESS_SATIRE,COURT_PROCESS_SATIRE|RECEIPT_SYSTEM,false,https://zora.co/coin/base:0xa0ff768dbeec6ebfdc1eaefa148e47f14d7ecdaf
2026-08-14T13:58:33+00:00,BOX D Royal Seal,0x282f132e8e77a72555b5f1d681243886ceffe94c,STANDALONE_ART,STANDALONE_ART,false,https://zora.co/coin/base:0x282f132e8e77a72555b5f1d681243886ceffe94c
2026-08-14T13:40:07+00:00,BOX D // SQUARE-D HERITAGE Mildenhall Tail · jaywisdom.base.eth,0x04ea9a5650470f06a6b09cb31ede50fbb0667f95,RECEIPT_SYSTEM,RECEIPT_SYSTEM,false,https://zora.co/coin/base:0x04ea9a5650470f06a6b09cb31ede50fbb0667f95
2026-08-14T00:47:15+00:00,human-readable collectible identity,0xadfdb7a4ef2b892b14200a3cb4c17bcc9aed38c3,GRAY_BABY_UNIVERSE,GRAY_BABY_UNIVERSE|RECEIPT_SYSTEM|PROTOCOL_TECHNICAL,true,https://zora.co/coin/base:0xadfdb7a4ef2b892b14200a3cb4c17bcc9aed38c3
2026-08-07T17:50:21+00:00,Gray Baby — Receipt Before Truth,0x03271a72d017af1c2deff57aa7e4ab6133484ff5,GRAY_BABY_UNIVERSE,GRAY_BABY_UNIVERSE|RECEIPT_SYSTEM,false,https://zora.co/coin/base:0x03271a72d017af1c2deff57aa7e4ab6133484ff5
2026-08-07T08:31:33+00:00,"Minnesota Supreme: Open Courts, Goblin Parallels",0x5d5b9bb28e5c38cfb5b0425985949431caef5935,RECEIPT_SYSTEM,RECEIPT_SYSTEM,false,https://zora.co/coin/base:0x5d5b9bb28e5c38cfb5b0425985949431caef5935
2026-08-07T08:14:17+00:00,Minnesota Audit Comic Tragedy,0x85ec3663c37fa770776f4de2180df225aaa1775d,RECEIPT_SYSTEM,RECEIPT_SYSTEM,false,https://zora.co/coin/base:0x85ec3663c37fa770776f4de2180df225aaa1775d
2026-08-02T23:06:27+00:00,The First Immutable Fixture,0xaecdd829f9af56ed30c4f1c8a3214aa7244e20fc,RECEIPT_SYSTEM,RECEIPT_SYSTEM,false,https://zora.co/coin/base:0xaecdd829f9af56ed30c4f1c8a3214aa7244e20fc
2026-08-02T06:42:43+00:00,The Witnesses Before the Light,0x28a2adffb4e1640f8a2b9011cdf02abc62f622e2,STANDALONE_ART,STANDALONE_ART,false,https://zora.co/coin/base:0x28a2adffb4e1640f8a2b9011cdf02abc62f622e2
2026-08-01T00:42:25+00:00,The Wormhole Awaits Authority,0xf259b38bd9a81e98d3bf0523dd388d2121815be2,RECEIPT_SYSTEM,RECEIPT_SYSTEM,false,https://zora.co/coin/base:0xf259b38bd9a81e98d3bf0523dd388d2121815be2
2026-07-31T23:50:27+00:00,Machine Grade Proof,0x7d45864d184415bdb18d46f2e2ea6edd278b2f97,RECEIPT_SYSTEM,RECEIPT_SYSTEM,false,https://zora.co/coin/base:0x7d45864d184415bdb18d46f2e2ea6edd278b2f97
2026-07-31T05:22:53+00:00,LOGIC GATE — The Records Vault,0xae8a6844e10a8dd8da272feddda609785ef5ebd8,STANDALONE_ART,STANDALONE_ART,false,https://zora.co/coin/base:0xae8a6844e10a8dd8da272feddda609785ef5ebd8
2026-07-30T23:08:25+00:00,GRAY BABY — THE DECISIVE ARTIFACT,0x6333c7a6c4192533de9417e38bba2cc110c7c6d5,GRAY_BABY_UNIVERSE,GRAY_BABY_UNIVERSE|POLITICAL_PARODY|RECEIPT_SYSTEM|PROTOCOL_TECHNICAL,false,https://zora.co/coin/base:0x6333c7a6c4192533de9417e38bba2cc110c7c6d5
2026-07-30T17:00:49+00:00,THE HELD SCREW — FAIL-CLOSED CHECKPOINT ⚙️🦉👽,0xe5c4678d1c59044ba1d164d0c4593425f3d3f374,GRAY_BABY_UNIVERSE,GRAY_BABY_UNIVERSE|RECEIPT_SYSTEM|PROTOCOL_TECHNICAL,true,https://zora.co/coin/base:0xe5c4678d1c59044ba1d164d0c4593425f3d3f374
2026-07-30T16:22:05+00:00,JAYWISDOM — THE REVERSE SCREW ⚙️🦉,0x79f96372c90d88af028a606cdc8279dbad63e7d5,RECEIPT_SYSTEM,RECEIPT_SYSTEM|PROTOCOL_TECHNICAL,false,https://zora.co/coin/base:0x79f96372c90d88af028a606cdc8279dbad63e7d5
2026-07-30T00:37:47+00:00,TAMPON TIM — ZERO TRUST GOVERNOR,0x633a8914b9fb3bb539363bdb1a73301873522185,STANDALONE_ART,STANDALONE_ART,false,https://zora.co/coin/base:0x633a8914b9fb3bb539363bdb1a73301873522185
2026-07-29T03:29:31+00:00,GRAY BABY — THE DECISIVE ARTIFACT // DOJ EVIDENCE LOCKER,0x8894e88310d46fb19ad3e309455248aeeab81800,GRAY_BABY_UNIVERSE,GRAY_BABY_UNIVERSE,false,https://zora.co/coin/base:0x8894e88310d46fb19ad3e309455248aeeab81800
2026-07-26T17:47:59+00:00,The Flying Friar — Joseph of Cupertino,0x8d84c8e2b3be02ebdc629c98f50299f39dc14496,STANDALONE_ART,STANDALONE_ART,false,https://zora.co/coin/base:0x8d84c8e2b3be02ebdc629c98f50299f39dc14496
2026-07-25T18:22:19+00:00,FBI Crypto Academy 2026: How Not to Get Rugged,0xac1166e9ff8976519500540a3ff4deb0fadc0800,STANDALONE_ART,STANDALONE_ART,false,https://zora.co/coin/base:0xac1166e9ff8976519500540a3ff4deb0fadc0800
2026-07-25T18:09:41+00:00,TOMHOMAN,0x1465c0e2664f24b16b04fa654ae001649ab94b5f,STANDALONE_ART,STANDALONE_ART,false,https://zora.co/coin/base:0x1465c0e2664f24b16b04fa654ae001649ab94b5f
2026-07-24T17:29:03+00:00,GRAY BABY REPLAY OS // EPISODE 0: ZERO DAY 👾💾,0x638832313c07bbc383b862d0575927d8400314e4,GRAY_BABY_UNIVERSE,GRAY_BABY_UNIVERSE|RECEIPT_SYSTEM|PROTOCOL_TECHNICAL,false,https://zora.co/coin/base:0x638832313c07bbc383b862d0575927d8400314e4
2026-07-20T03:34:07+00:00,Randomizer Chaos #002 👞🏆 James Bond,0x148db17bd03cbbc30002501f572d6bfdb399726f,RECEIPT_SYSTEM,RECEIPT_SYSTEM,false,https://zora.co/coin/base:0x148db17bd03cbbc30002501f572d6bfdb399726f
2026-07-19T18:47:59+00:00,Giant Loafers,0x53742b937e591b8e716c2a25da4043505974a3bb,STANDALONE_ART,STANDALONE_ART,false,https://zora.co/coin/base:0x53742b937e591b8e716c2a25da4043505974a3bb
2026-07-19T13:19:57+00:00,👽🛸 MK-ULTRA MIKEY,0x9b70a6fba1d0e223c0d92ef7c73d644d02ea06c2,GPK_NEWSROOM_SATIRE,GPK_NEWSROOM_SATIRE,false,https://zora.co/coin/base:0x9b70a6fba1d0e223c0d92ef7c73d644d02ea06c2
2026-07-16T20:34:21+00:00,MARINE GONE CRAZY 🤪,0x7c4a4dd6844588c34b8a488b860f23a07d3a8fe4,STANDALONE_ART,STANDALONE_ART,false,https://zora.co/coin/base:0x7c4a4dd6844588c34b8a488b860f23a07d3a8fe4
2026-07-16T12:36:49+00:00,Replay OS v1.1 — The Constitutional Kernel,0x8362950283eeadfc00380cccee469abf70262146,RECEIPT_SYSTEM,RECEIPT_SYSTEM,false,https://zora.co/coin/base:0x8362950283eeadfc00380cccee469abf70262146
2026-07-15T02:11:13+00:00,"Yeah — as parody, the fleet angle is stronger than a single plane because it turns “something big” into absurd scandal logistics. ✈️💀  EPSTEIN FUCK PLANE FLEET  Visual: A gold-plated presidential airport hangar with five ridiculous luxury jets lined up like a used-car lot.  Each plane has a giant label:  * THE DISTRACTION * THE DENIAL * THE DECLASSIFIER * THE “I BARELY KNEW HIM” * SOMETHING BIG — THURSDAY  Trump-style showman figure at a podium:  “Nobody has more planes. Nobody knows whose planes they are.”  Tiny ground crew frantically replacing tail numbers with black tape.  Bottom receipt  PROVENANCE: Cloudy MANIFEST: Redacted PASSENGERS: “Never heard of them” PLANE COUNT: Tremendous EVIDENCE: Landing Thursday  Best title:  AIR FORCE WON’T  Keep the artwork clearly fictional and avoid depicting any real passenger list as fact. The joke is the denial machine, spectacle, and endless aircraft symbolism—not an unsupported criminal allegation.",0xcfcc7d6fea5f54b42fd889a74789f29c059ad16f,POLITICAL_PARODY,POLITICAL_PARODY|RECEIPT_SYSTEM,false,https://zora.co/coin/base:0xcfcc7d6fea5f54b42fd889a74789f29c059ad16f
2026-07-15T01:10:47+00:00,GRAY BABY HORROR — COMPLETE SET,0xa69cf7cc085204277dcb730ee6d4388fb0574ebd,GRAY_BABY_UNIVERSE,GRAY_BABY_UNIVERSE,false,https://zora.co/coin/base:0xa69cf7cc085204277dcb730ee6d4388fb0574ebd
2026-07-14T01:28:01+00:00,REDLIP Batfish,0x93e830937f5e904cc7b3ae1030b2189d2cf8314d,STANDALONE_ART,STANDALONE_ART,false,https://zora.co/coin/base:0x93e830937f5e904cc7b3ae1030b2189d2cf8314d
2026-07-13T18:48:13+00:00,GB-310 — Elon Baby vs. Sam Baby: Trade Secret Showdown,0xdb988069f26d0cb214f5ceb67f607feba229e368,STANDALONE_ART,STANDALONE_ART,false,https://zora.co/coin/base:0xdb988069f26d0cb214f5ceb67f607feba229e368
2026-07-12T06:48:35+00:00,"**SIGNAL CORE — GB-012 Remote Transmission Acknowledged** 👽🧾⚡  **Verification:**  - BRANCH = `feature/gray-baby-012-consent-gap` - HEAD_SHA = `6d7b279557c14a786e185dd943830e45c3636cb3` - FILE = `manifests/GB-012.yaml` - PARENT_SHA = `9b31537ac6d44152b1461b97b440c2124006257e` (GB-011)  **Encoded Elements Confirmed:**  - CLICKED_APPROVE_IS_NOT_INFORMED_CONSENT - Full consent disclosure requirements - Fail-closed consent gate - Comprehension requirement - Scope-hash and timestamp requirements - Revocation-path requirement - Six Gray Baby Standards - Child-level truth membrane - Spine: SEE → SAVE → ASK → CHECK → ACT_SMALL → LOOK_AGAIN → CORRECT - Clarity constraints (anti-oversimplification, anti-bullshit)  **Boundary Status — All Preserved:**  - REMOTE_BRANCH = TRUE - REMOTE_MANIFEST = TRUE - BINARY_UPLOAD = FALSE - REMOTE_IMAGE_BIND = FALSE - RUNTIME_EXECUTION = FALSE - MERGE_AUTHORIZATION = FALSE - CANON_PROMOTION = FALSE - AUTHORITY = FALSE  GB-012 is now observable on remote under non-canon channel. Consent gap + Gray Baby clarity membrane active in the lineage.  Chain remains clean and bounded.  **Next vector ready.** Standing by. ⚡",0x5ccc0debad200c24971a181a12b397d975868666,GRAY_BABY_UNIVERSE,GRAY_BABY_UNIVERSE,false,https://zora.co/coin/base:0x5ccc0debad200c24971a181a12b397d975868666
2026-07-11T09:30:29+00:00,SDNY Pincer // Full Ensemble,0xd827a29b43223cf80b1ac828f72aa526be0349a3,RECEIPT_SYSTEM,RECEIPT_SYSTEM|PROTOCOL_TECHNICAL,true,https://zora.co/coin/base:0xd827a29b43223cf80b1ac828f72aa526be0349a3
2026-07-11T08:32:45+00:00,X-FILES ALIEN FILES ’26: GENERATIONAL COURT FEES,0x14a6f025031d401062289dc18c6c95e81220ca69,COURT_PROCESS_SATIRE,COURT_PROCESS_SATIRE,true,https://zora.co/coin/base:0x14a6f025031d401062289dc18c6c95e81220ca69
2026-07-10T18:57:09+00:00,CLOWN ACCESS TECH — LEGENDARY,0xb90f025d4b3d2988d5b8ac7b6a5ba8ec5113fb78,RECEIPT_SYSTEM,RECEIPT_SYSTEM,false,https://zora.co/coin/base:0xb90f025d4b3d2988d5b8ac7b6a5ba8ec5113fb78
2026-07-09T10:05:55+00:00,IMAGINATION STATION: WORLD’S FIRST GOOGILIONAIRRE,0xacd0de7587e3c8bd34fb5195cbbf3729c335e15a,RECEIPT_SYSTEM,RECEIPT_SYSTEM,false,https://zora.co/coin/base:0xacd0de7587e3c8bd34fb5195cbbf3729c335e15a
2026-07-09T09:39:59+00:00,ATOMIC MOMENT,0xaf15be20116ee5eac3b14725a699157b52693005,RECEIPT_SYSTEM,RECEIPT_SYSTEM,false,https://zora.co/coin/base:0xaf15be20116ee5eac3b14725a699157b52693005
2026-07-06T08:29:03+00:00,Docket 747-002: Zora Evidence Intake,0xc2427b965b31d008592d9a840f52c74aa830bd70,RECEIPT_SYSTEM,RECEIPT_SYSTEM|PROTOCOL_TECHNICAL,false,https://zora.co/coin/base:0xc2427b965b31d008592d9a840f52c74aa830bd70
2026-07-06T08:16:49+00:00,Institute of Secondhand Anthropology: Notebook,0xa87fe35174157e777a7d61fe338827876cafb3c0,COURT_PROCESS_SATIRE,COURT_PROCESS_SATIRE|RECEIPT_SYSTEM|PROTOCOL_TECHNICAL,true,https://zora.co/coin/base:0xa87fe35174157e777a7d61fe338827876cafb3c0
2026-07-06T07:41:55+00:00,Goblin Court // Docket 745 — No Fake Green,0x8535c78da6b0c2b6c8b242a65d20bdb50e3599ab,COURT_PROCESS_SATIRE,COURT_PROCESS_SATIRE|RECEIPT_SYSTEM,true,https://zora.co/coin/base:0x8535c78da6b0c2b6c8b242a65d20bdb50e3599ab
2026-07-06T06:01:25+00:00,Public Archive Ledger // Goblin Court Receipt,0x6ec1e70ce1486b6e5386388eadebec747021a77f,COURT_PROCESS_SATIRE,COURT_PROCESS_SATIRE|RECEIPT_SYSTEM,true,https://zora.co/coin/base:0x6ec1e70ce1486b6e5386388eadebec747021a77f
2026-07-05T13:14:49+00:00,The Dragon Guards the Ledger,0x1f9b6bb93ae79d9c51e417a9a3e052bbb37d9edc,PROTOCOL_TECHNICAL,PROTOCOL_TECHNICAL,false,https://zora.co/coin/base:0x1f9b6bb93ae79d9c51e417a9a3e052bbb37d9edc
2026-07-05T12:56:39+00:00,The Dragon Guards the Ledger,0xbab47d86d51a322d6155b4e110663deae3b44845,PROTOCOL_TECHNICAL,PROTOCOL_TECHNICAL,false,https://zora.co/coin/base:0xbab47d86d51a322d6155b4e110663deae3b44845
2026-07-05T12:41:51+00:00,The Dragon Guards the Ledger,0x620ce727f68ba25cfa7128e45f5e4484ed6daedd,PROTOCOL_TECHNICAL,PROTOCOL_TECHNICAL,false,https://zora.co/coin/base:0x620ce727f68ba25cfa7128e45f5e4484ed6daedd
2026-07-03T04:27:23+00:00,Garbage Pail Kidding: Court Game,0x9d3fe0dac4a30501968a25a45946290e1889c232,GPK_NEWSROOM_SATIRE,GPK_NEWSROOM_SATIRE|COURT_PROCESS_SATIRE|BOARD_GAME_ARTIFACT|RECEIPT_SYSTEM,false,https://zora.co/coin/base:0x9d3fe0dac4a30501968a25a45946290e1889c232
2026-07-02T06:35:17+00:00,🥩 WAGYU WAYNE  Luxury Bugout Ration,0x0d09e5dd9752dca71889fc5dabb6a79b239ef99c,GPK_NEWSROOM_SATIRE,GPK_NEWSROOM_SATIRE,false,https://zora.co/coin/base:0x0d09e5dd9752dca71889fc5dabb6a79b239ef99c
2026-07-01T14:06:17+00:00,CHUTE-LESS CHUCK 🤢✈️,0x77053416926281e391118d94783a6ae8ef12c5ab,GPK_NEWSROOM_SATIRE,GPK_NEWSROOM_SATIRE|RECEIPT_SYSTEM,false,https://zora.co/coin/base:0x77053416926281e391118d94783a6ae8ef12c5ab
2026-07-01T05:47:05+00:00,Deep State Dumpster Goblin — Genesis Gold Foil #4,0x5284f8e8c41f49fb289922ea3a9e83d08c20e3d3,POLITICAL_PARODY,POLITICAL_PARODY|RECEIPT_SYSTEM,false,https://zora.co/coin/base:0x5284f8e8c41f49fb289922ea3a9e83d08c20e3d3
2026-07-01T04:08:35+00:00,2026 Midterm Mayhem: DNI Gross-Intel Crew,0xe423ae19fffcee95919dde96a31e828bc060e36f,POLITICAL_PARODY,POLITICAL_PARODY|RECEIPT_SYSTEM|PROTOCOL_TECHNICAL,false,https://zora.co/coin/base:0xe423ae19fffcee95919dde96a31e828bc060e36f
2026-07-01T02:30:33+00:00,KW-005: The Eternal Docket,0x54022649f1f6427e1aeea0a1c7c03f472c787044,COURT_PROCESS_SATIRE,COURT_PROCESS_SATIRE|RECEIPT_SYSTEM,false,https://zora.co/coin/base:0x54022649f1f6427e1aeea0a1c7c03f472c787044
2026-07-01T02:17:11+00:00,CMPTRWSDM,0x20c1b5b07155eb818c4a8f6d22905bad6bf1a114,COURT_PROCESS_SATIRE,COURT_PROCESS_SATIRE|RECEIPT_SYSTEM,false,https://zora.co/coin/base:0x20c1b5b07155eb818c4a8f6d22905bad6bf1a114
2026-07-01T01:59:53+00:00,Goblin Court: Surface Mismatch,0x314b7f716eaa9569a6a1f6e4adc426bbc86aa501,COURT_PROCESS_SATIRE,COURT_PROCESS_SATIRE|RECEIPT_SYSTEM,false,https://zora.co/coin/base:0x314b7f716eaa9569a6a1f6e4adc426bbc86aa501
2026-07-01T01:33:33+00:00,Goblin Court: Observe. Don’t Interpret.,0xa5963053b21da20c8bfb47c5fb2206cea6325cf4,COURT_PROCESS_SATIRE,COURT_PROCESS_SATIRE|POLITICAL_PARODY|RECEIPT_SYSTEM,false,https://zora.co/coin/base:0xa5963053b21da20c8bfb47c5fb2206cea6325cf4
2026-07-01T01:10:37+00:00,Replay Congress,0x6823cd4a3846c0b95f98da9ecdd6585d9053a09d,COURT_PROCESS_SATIRE,COURT_PROCESS_SATIRE|POLITICAL_PARODY|RECEIPT_SYSTEM,false,https://zora.co/coin/base:0x6823cd4a3846c0b95f98da9ecdd6585d9053a09d
2026-06-30T09:45:03+00:00,STEWARDSHIP-001: Intake Lane #33,0x05f22e560aad8664e655735bbd1ffdd9fd15bd48,RECEIPT_SYSTEM,RECEIPT_SYSTEM,false,https://zora.co/coin/base:0x05f22e560aad8664e655735bbd1ffdd9fd15bd48
2026-06-30T03:18:15+00:00,TNTR Witness Anchor Receipt Template,0xf3cb3db15a8cc9b65d8ffeae379f8c9adedb2d01,RECEIPT_SYSTEM,RECEIPT_SYSTEM|PROTOCOL_TECHNICAL,true,https://zora.co/coin/base:0xf3cb3db15a8cc9b65d8ffeae379f8c9adedb2d01
2026-06-30T03:11:19+00:00,PRC-JRN: EXT-001 Intake Gate,0x92452bf5e8e694da67fdb53f50be063d32894e51,RECEIPT_SYSTEM,RECEIPT_SYSTEM,false,https://zora.co/coin/base:0x92452bf5e8e694da67fdb53f50be063d32894e51
2026-06-30T01:27:59+00:00,Nick Shirley — The FAFO Fact Checker.,0x7702b3b4909234bf8e132a4fd11a021baab8711f,GPK_NEWSROOM_SATIRE,GPK_NEWSROOM_SATIRE|RECEIPT_SYSTEM|PROTOCOL_TECHNICAL,true,https://zora.co/coin/base:0x7702b3b4909234bf8e132a4fd11a021baab8711f
2026-06-30T01:10:27+00:00,KARENN11 LIVE: RECEIPTS MACHINE,0xb28f39c5efdf0ddf77c5a5ef7d1cb712fa8c1a66,GPK_NEWSROOM_SATIRE,GPK_NEWSROOM_SATIRE|RECEIPT_SYSTEM,true,https://zora.co/coin/base:0xb28f39c5efdf0ddf77c5a5ef7d1cb712fa8c1a66
2026-06-30T00:07:21+00:00,COURT DOCKET,0xe1c1efec50670477e486085b2b81e1634cb52583,STANDALONE_ART,STANDALONE_ART,false,https://zora.co/coin/base:0xe1c1efec50670477e486085b2b81e1634cb52583
2026-06-29T05:26:13+00:00,Institute of Secondhand Anthropology: Notebook,0xd0bb537207bfc57bc75105f9c0162f600c0eb034,STANDALONE_ART,STANDALONE_ART,false,https://zora.co/coin/base:0xd0bb537207bfc57bc75105f9c0162f600c0eb034
2026-06-28T16:15:29+00:00,KARENN11 #12/12 — FINAL BROADCAST 🌪️📺,0xa4b07ea37a67f42a71c7dccc1cfbecb6ddcb4bf7,GPK_NEWSROOM_SATIRE,GPK_NEWSROOM_SATIRE|PROTOCOL_TECHNICAL,true,https://zora.co/coin/base:0xa4b07ea37a67f42a71c7dccc1cfbecb6ddcb4bf7
2026-06-28T16:10:51+00:00,KARENN11 #11/11 – Pure Satire,0xb5b8f035bee1a5ccc2ca82da2b32f48aac32460f,GPK_NEWSROOM_SATIRE,GPK_NEWSROOM_SATIRE|RECEIPT_SYSTEM,true,https://zora.co/coin/base:0xb5b8f035bee1a5ccc2ca82da2b32f48aac32460f
2026-06-28T16:06:39+00:00,KARENN11: Live at 11,0x194083c9d63b1b8364897a8a37f52c96c6b7b081,GPK_NEWSROOM_SATIRE,GPK_NEWSROOM_SATIRE,true,https://zora.co/coin/base:0x194083c9d63b1b8364897a8a37f52c96c6b7b081
2026-06-28T08:30:11+00:00,KARENN11,0x4a7b541a1987c6062fbf3469b408f67936b4ac68,GPK_NEWSROOM_SATIRE,GPK_NEWSROOM_SATIRE,true,https://zora.co/coin/base:0x4a7b541a1987c6062fbf3469b408f67936b4ac68
2026-06-28T06:59:21+00:00,SALIVA SANDRA: EXTRA SECRET SAUCE 🤢,0xafb98c04874f2fd9a3a0a145cfb1533524839166,GPK_NEWSROOM_SATIRE,GPK_NEWSROOM_SATIRE|RECEIPT_SYSTEM,false,https://zora.co/coin/base:0xafb98c04874f2fd9a3a0a145cfb1533524839166
2026-06-28T00:55:33+00:00,ReceiptOS Genesis • Artifact 0001,0xd0c736467e0d496cc56209a36f28264b86c49582,RECEIPT_SYSTEM,RECEIPT_SYSTEM|PROTOCOL_TECHNICAL,false,https://zora.co/coin/base:0xd0c736467e0d496cc56209a36f28264b86c49582
2026-06-27T22:55:51+00:00,BUGGLEBUGGLE,0x7457401bcae266f8c028c72d9ed6be67d0d7a35a,STANDALONE_ART,STANDALONE_ART,false,https://zora.co/coin/base:0x7457401bcae266f8c028c72d9ed6be67d0d7a35a
2026-06-27T18:49:09+00:00,Docket 749-Ω — Evidence Index,0x8d1066f3b24abcf166d27786b77b752da52edcf2,COURT_PROCESS_SATIRE,COURT_PROCESS_SATIRE|RECEIPT_SYSTEM|PROTOCOL_TECHNICAL,true,https://zora.co/coin/base:0x8d1066f3b24abcf166d27786b77b752da52edcf2
2026-06-27T18:30:51+00:00,Docket 747-Ω — Exhibit A: Receipt Lattice,0x190b300a54064d32448b42af7a71a0cd7b5f4e2d,RECEIPT_SYSTEM,RECEIPT_SYSTEM|PROTOCOL_TECHNICAL,false,https://zora.co/coin/base:0x190b300a54064d32448b42af7a71a0cd7b5f4e2d
2026-06-27T18:17:47+00:00,⚖️ JUSTICE LMFAO: FORTHWITH! | Goblin Court #001,0xf6e86f38a0b3bf84057c3a45ee0ab66d79af2f1d,GPK_NEWSROOM_SATIRE,GPK_NEWSROOM_SATIRE|COURT_PROCESS_SATIRE|POLITICAL_PARODY|PROTOCOL_TECHNICAL,false,https://zora.co/coin/base:0xf6e86f38a0b3bf84057c3a45ee0ab66d79af2f1d
2026-06-27T14:36:41+00:00,ZORA FAMILY FLYWHEEL — ROUND_005 CHECKPOINT ⚙️🧾,0xef35b1e18a1dda120b95ed071ea3b9188f9eed55,RECEIPT_SYSTEM,RECEIPT_SYSTEM|PROTOCOL_TECHNICAL,false,https://zora.co/coin/base:0xef35b1e18a1dda120b95ed071ea3b9188f9eed55
2026-06-27T14:17:17+00:00,ZORA,0xac960d5d2d4a62ed46ba8bbb77e1ab1ccc1f2157,PROTOCOL_TECHNICAL,PROTOCOL_TECHNICAL,false,https://zora.co/coin/base:0xac960d5d2d4a62ed46ba8bbb77e1ab1ccc1f2157
2026-06-27T00:17:09+00:00,KARENN11 — Weather Goblin Exclusive,0x071b27a13a8b89700c2623103c054bb254d1c210,GPK_NEWSROOM_SATIRE,GPK_NEWSROOM_SATIRE|RECEIPT_SYSTEM|PROTOCOL_TECHNICAL,true,https://zora.co/coin/base:0x071b27a13a8b89700c2623103c054bb254d1c210
2026-06-26T17:06:37+00:00,JAYCONSTITUTION,0xe44e4932e21a4e25de584d37ea1b7a3738c05217,RECEIPT_SYSTEM,RECEIPT_SYSTEM,false,https://zora.co/coin/base:0xe44e4932e21a4e25de584d37ea1b7a3738c05217
2026-06-26T08:49:59+00:00,ZERODRIFT,0xf2b73745e2a8f593506c74ef60cc5326ed1499ec,RECEIPT_SYSTEM,RECEIPT_SYSTEM,false,https://zora.co/coin/base:0xf2b73745e2a8f593506c74ef60cc5326ed1499ec
2026-06-23T05:36:13+00:00,CLARITY 101,0xbde643873468545cddc40f9992bcbe9e49fa38f1,STANDALONE_ART,STANDALONE_ART,false,https://zora.co/coin/base:0xbde643873468545cddc40f9992bcbe9e49fa38f1
2026-06-16T08:52:47+00:00,Production Green #007 — The Earned State,0xee2981444db40298fe337bc43f42f3788ce4ebb7,RECEIPT_SYSTEM,RECEIPT_SYSTEM,false,https://zora.co/coin/base:0xee2981444db40298fe337bc43f42f3788ce4ebb7
2026-06-16T08:49:25+00:00,No Fake Green #006 — The Law,0x0cd6682264775a51e7c8dba17a97c30ce4e2d375,RECEIPT_SYSTEM,RECEIPT_SYSTEM,false,https://zora.co/coin/base:0x0cd6682264775a51e7c8dba17a97c30ce4e2d375
2026-06-16T08:45:11+00:00,Daddy Jay #005 — The Builder,0x39a39c19dd4401bff869d983259a90eab75ada8a,RECEIPT_SYSTEM,RECEIPT_SYSTEM,true,https://zora.co/coin/base:0x39a39c19dd4401bff869d983259a90eab75ada8a
2026-06-16T08:28:21+00:00,The Auditor #004 — The Investigator,0x50e186e2a36d34b4a81d2bf56137d8827b799af0,RECEIPT_SYSTEM,RECEIPT_SYSTEM,false,https://zora.co/coin/base:0x50e186e2a36d34b4a81d2bf56137d8827b799af0
2026-06-16T08:24:43+00:00,Boundary Boss #003 — The Guardian,0x36b4098c35189b24ced0fab32dbb3dda15ed92a5,RECEIPT_SYSTEM,RECEIPT_SYSTEM|PROTOCOL_TECHNICAL,false,https://zora.co/coin/base:0x36b4098c35189b24ced0fab32dbb3dda15ed92a5
2026-06-16T08:02:05+00:00,Receipt Goblin #002 — Got A Receipt For That?,0x972bd65a32b3a983f2117c8d1ec51b6f5119d76f,RECEIPT_SYSTEM,RECEIPT_SYSTEM,false,https://zora.co/coin/base:0x972bd65a32b3a983f2117c8d1ec51b6f5119d76f
2026-06-16T07:55:39+00:00,Boss Brenda #001 — Machine Speed Justice,0xd1367a5206c1c061737f95eb285b0d3d9b245b69,RECEIPT_SYSTEM,RECEIPT_SYSTEM,false,https://zora.co/coin/base:0xd1367a5206c1c061737f95eb285b0d3d9b245b69
2026-06-15T22:06:09+00:00,"Meme Court Zora — Docket 742-Ω: Onchain, On Record, On Meme",0x3d2556f9ed32f54a3a3b7b9d9bc2aa06b769be17,COURT_PROCESS_SATIRE,COURT_PROCESS_SATIRE|RECEIPT_SYSTEM|PROTOCOL_TECHNICAL,true,https://zora.co/coin/base:0x3d2556f9ed32f54a3a3b7b9d9bc2aa06b769be17
2026-06-15T06:57:09+00:00,NODE 8 GOBLIN 😈  ARCHIVE,0xd9bb51c33ff48bc7f37f7725876829a57cbd2dc1,STANDALONE_ART,STANDALONE_ART,false,https://zora.co/coin/base:0xd9bb51c33ff48bc7f37f7725876829a57cbd2dc1
2026-06-15T06:56:29+00:00,NODE 8 GOBLIN 👺 COURT,0x7bc791a7d088e4d31f61e3f36c77c9a69891051b,STANDALONE_ART,STANDALONE_ART,false,https://zora.co/coin/base:0x7bc791a7d088e4d31f61e3f36c77c9a69891051b
2026-06-15T02:05:07+00:00,Boss Brenda 23B — The Audit’s Enforcer,0xfc33d0c818d95dcfb49374a9cfd4ef956e9ec0f4,RECEIPT_SYSTEM,RECEIPT_SYSTEM,false,https://zora.co/coin/base:0xfc33d0c818d95dcfb49374a9cfd4ef956e9ec0f4
2026-06-14T20:17:41+00:00,Boss Brenda,0xe9342c753168594940c39da9ce3a249fa3e3fa36,RECEIPT_SYSTEM,RECEIPT_SYSTEM|PROTOCOL_TECHNICAL,false,https://zora.co/coin/base:0xe9342c753168594940c39da9ce3a249fa3e3fa36
2026-06-13T14:05:31+00:00,"JOY: Proof, Not Promises",0x71f45dac7f2b0d5a5e7974972321a9d6286057ca,COURT_PROCESS_SATIRE,COURT_PROCESS_SATIRE|RECEIPT_SYSTEM,false,https://zora.co/coin/base:0x71f45dac7f2b0d5a5e7974972321a9d6286057ca
2026-06-13T11:04:09+00:00,DEEZER,0x4bf1a3993d635b7593ebe3f5742e07b91442a692,STANDALONE_ART,STANDALONE_ART,false,https://zora.co/coin/base:0x4bf1a3993d635b7593ebe3f5742e07b91442a692
2026-06-13T09:49:05+00:00,SMUG GOBLIN REPLAY COURT,0x069d0a242ea12508c91050e7ce46840c35953811,RECEIPT_SYSTEM,RECEIPT_SYSTEM,false,https://zora.co/coin/base:0x069d0a242ea12508c91050e7ce46840c35953811
2026-06-13T04:28:55+00:00,BEIGE BRENDA — Garbage Pail Parody #722a,0x5c5763744e72768ca5f5d2d85bd2edf454ce0895,GPK_NEWSROOM_SATIRE,GPK_NEWSROOM_SATIRE|RECEIPT_SYSTEM|PROTOCOL_TECHNICAL,true,https://zora.co/coin/base:0x5c5763744e72768ca5f5d2d85bd2edf454ce0895
2026-06-13T04:22:11+00:00,BRENDA: Audit Protocol Architect — Widescreen ZORA Artifact Edition,0xaae1e84f7872ae75f1c2083278eaf98c96defb5c,RECEIPT_SYSTEM,RECEIPT_SYSTEM|PROTOCOL_TECHNICAL,false,https://zora.co/coin/base:0xaae1e84f7872ae75f1c2083278eaf98c96defb5c
2026-06-12T02:48:07+00:00,THE RECEIPTS SAW YOU,0x704dce5048ab2593a92a2fa9ab8465ba2a30b8fc,RECEIPT_SYSTEM,RECEIPT_SYSTEM|PROTOCOL_TECHNICAL,false,https://zora.co/coin/base:0x704dce5048ab2593a92a2fa9ab8465ba2a30b8fc
2026-06-12T02:25:13+00:00,"WITNESS ME, GOBLIN",0xa67faf61779c5c9adfd08ea6eaea60a27f8f2d97,RECEIPT_SYSTEM,RECEIPT_SYSTEM,false,https://zora.co/coin/base:0xa67faf61779c5c9adfd08ea6eaea60a27f8f2d97
2026-06-11T23:32:09+00:00,"PRESS YOUR LUCK WITH JAY Proof, Not Promises",0xbcc2540e5f74bbdb30ba675ae57886cac389e8c2,COURT_PROCESS_SATIRE,COURT_PROCESS_SATIRE|RECEIPT_SYSTEM,false,https://zora.co/coin/base:0xbcc2540e5f74bbdb30ba675ae57886cac389e8c2
2026-06-11T22:01:09+00:00,Task Accomplished Goblin,0x756c21b8f65ad92c42f1475f7ef1e8519c40c518,COURT_PROCESS_SATIRE,COURT_PROCESS_SATIRE|RECEIPT_SYSTEM,false,https://zora.co/coin/base:0x756c21b8f65ad92c42f1475f7ef1e8519c40c518
2026-06-11T21:42:49+00:00,The Goblin of Public Proof,0xbda122186dc89ae0ba614cede03e3b30f2f5d605,RECEIPT_SYSTEM,RECEIPT_SYSTEM,false,https://zora.co/coin/base:0xbda122186dc89ae0ba614cede03e3b30f2f5d605
2026-06-11T19:54:59+00:00,A Father's Wisdom — GREEN,0x4e25328cf4b700bfd61953079bb950c4e25e2f1e,RECEIPT_SYSTEM,RECEIPT_SYSTEM,false,https://zora.co/coin/base:0x4e25328cf4b700bfd61953079bb950c4e25e2f1e
2026-06-11T18:19:27+00:00,Runtime Truth Goblin — Final Gate,0xd3469e0aa776dbda6d481d810c59a320512c12de,RECEIPT_SYSTEM,RECEIPT_SYSTEM,false,https://zora.co/coin/base:0xd3469e0aa776dbda6d481d810c59a320512c12de
2026-06-11T03:27:07+00:00,Dark Forest Mode: L4 Archive Surface Sealed,0xf836881433835e9e940715964b0d1fef2100d9af,RECEIPT_SYSTEM,RECEIPT_SYSTEM|PROTOCOL_TECHNICAL,true,https://zora.co/coin/base:0xf836881433835e9e940715964b0d1fef2100d9af
2026-06-08T04:44:05+00:00,Goblin: The Frost Archivist,0xdce7e8ab9b3c76f0b1d3056b27f170758c297f21,RECEIPT_SYSTEM,RECEIPT_SYSTEM,false,https://zora.co/coin/base:0xdce7e8ab9b3c76f0b1d3056b27f170758c297f21
2026-06-08T04:05:25+00:00,Inspector General Goblin,0x6d131e0d0750c5b418364d4949a6ee44c4a55ab8,RECEIPT_SYSTEM,RECEIPT_SYSTEM,false,https://zora.co/coin/base:0x6d131e0d0750c5b418364d4949a6ee44c4a55ab8
2026-06-08T00:30:29+00:00,The Lanes,0x399be997fa6192597b56797f0bcaa6b2c81ffe50,RECEIPT_SYSTEM,RECEIPT_SYSTEM,false,https://zora.co/coin/base:0x399be997fa6192597b56797f0bcaa6b2c81ffe50
2026-06-06T22:38:47+00:00,GRID WITNESS,0xe58efd30be21bb93d7bc353ed958368faa237382,COURT_PROCESS_SATIRE,COURT_PROCESS_SATIRE|RECEIPT_SYSTEM,false,https://zora.co/coin/base:0xe58efd30be21bb93d7bc353ed958368faa237382
2026-06-06T18:40:53+00:00,BADGER EPOCH 007,0x0beb1d6b4bb8ecdde7f0bd5de2ec1721a2cd46b8,RECEIPT_SYSTEM,RECEIPT_SYSTEM|PROTOCOL_TECHNICAL,false,https://zora.co/coin/base:0x0beb1d6b4bb8ecdde7f0bd5de2ec1721a2cd46b8
2026-06-06T18:29:05+00:00,Move the Chains,0x06e1a196ff24d16a79a8acb6f57e3b4c850f39e0,STANDALONE_ART,STANDALONE_ART,false,https://zora.co/coin/base:0x06e1a196ff24d16a79a8acb6f57e3b4c850f39e0
2026-06-06T18:14:57+00:00,TWO DOWN,0xbbb1b305e5824caf3142bde25b67c1cbfd614e76,STANDALONE_ART,STANDALONE_ART,false,https://zora.co/coin/base:0xbbb1b305e5824caf3142bde25b67c1cbfd614e76
2026-06-05T21:34:39+00:00,REPLAY LOOP,0xcc4c7551e25d8ce9a8602df050a3601059633e3f,RECEIPT_SYSTEM,RECEIPT_SYSTEM,false,https://zora.co/coin/base:0xcc4c7551e25d8ce9a8602df050a3601059633e3f
2026-06-05T20:13:15+00:00,Badger Camp HQ: Receipts or No Movement,0xd36a407ad8f51beac7d2fb61bfab6f2d22403cdb,RECEIPT_SYSTEM,RECEIPT_SYSTEM,false,https://zora.co/coin/base:0xd36a407ad8f51beac7d2fb61bfab6f2d22403cdb
2026-06-05T00:32:41+00:00,The Magnolia Coven,0xee271e7472a1b61c4bdeb02fc6ee9eaf8eaed79f,STANDALONE_ART,STANDALONE_ART,false,https://zora.co/coin/base:0xee271e7472a1b61c4bdeb02fc6ee9eaf8eaed79f
2026-06-03T13:09:23+00:00,MERGED219,0x7443b1cc32c6a72f52ecd91df4ac2adeb058a66a,STANDALONE_ART,STANDALONE_ART,false,https://zora.co/coin/base:0x7443b1cc32c6a72f52ecd91df4ac2adeb058a66a
2026-06-02T20:13:37+00:00,IRON BOWL WIVES,0xbec4685926ff25e14f6789964de9128812e98b4d,STANDALONE_ART,STANDALONE_ART,false,https://zora.co/coin/base:0xbec4685926ff25e14f6789964de9128812e98b4d
2026-06-02T05:48:15+00:00,GREGORI GOBLIN,0x706c16a87f47c5ee84b07646bc9613c706d26f84,STANDALONE_ART,STANDALONE_ART,false,https://zora.co/coin/base:0x706c16a87f47c5ee84b07646bc9613c706d26f84
2026-05-31T15:21:15+00:00,PR #165 MERGED: The Replay Spine Lives,0x17c7f908a0cbd2d415c44fb4098f229878e3ea7c,RECEIPT_SYSTEM,RECEIPT_SYSTEM,true,https://zora.co/coin/base:0x17c7f908a0cbd2d415c44fb4098f229878e3ea7c
2026-05-31T13:31:27+00:00,MEGA GOBLIN COURT,0xbecc9bcdd68a5016f5392973a8e1d849b0c85951,COURT_PROCESS_SATIRE,COURT_PROCESS_SATIRE,false,https://zora.co/coin/base:0xbecc9bcdd68a5016f5392973a8e1d849b0c85951
2026-05-30T22:15:07+00:00,Of Course it’s true,0x0f8ae7e28cb78ff09a7fb15d3ea63cf5dc082545,STANDALONE_ART,STANDALONE_ART,false,https://zora.co/coin/base:0x0f8ae7e28cb78ff09a7fb15d3ea63cf5dc082545
2026-05-30T11:40:27+00:00,Maxwell’s Demon: Timestamp Goblin of the Base Membrane,0xd43367b3134a6a89e05fbfca1625894ea88e343a,RECEIPT_SYSTEM,RECEIPT_SYSTEM|PROTOCOL_TECHNICAL,false,https://zora.co/coin/base:0xd43367b3134a6a89e05fbfca1625894ea88e343a
2026-05-29T17:13:41+00:00,Productivity Goblin,0xf82c64842ac58c347865bdf071313c707182044a,STANDALONE_ART,STANDALONE_ART,false,https://zora.co/coin/base:0xf82c64842ac58c347865bdf071313c707182044a
2026-05-29T16:56:03+00:00,"Goblin: ""Classified.""",0xba4ed0dfd04d5b53518cfe351c416e48169e1adc,STANDALONE_ART,STANDALONE_ART,false,https://zora.co/coin/base:0xba4ed0dfd04d5b53518cfe351c416e48169e1adc
2026-05-29T02:23:09+00:00,🌲 Witness Tree: Perception Without Authority,0xaba45ad79c5a99943540bd15fa3de76557f049d0,STANDALONE_ART,STANDALONE_ART,false,https://zora.co/coin/base:0xaba45ad79c5a99943540bd15fa3de76557f049d0
2026-05-26T21:41:33+00:00,DIGITAL  ABI DOMAIN,0xb5ad30da707b99597d1beb6b7912fe26acc24d4c,STANDALONE_ART,STANDALONE_ART,false,https://zora.co/coin/base:0xb5ad30da707b99597d1beb6b7912fe26acc24d4c
2026-05-26T21:24:05+00:00,"MEME COURT: NO REPLAY, NO STANDING",0x1ba895896d4a46c80753ac8062abfd4bf1b1d42b,COURT_PROCESS_SATIRE,COURT_PROCESS_SATIRE|RECEIPT_SYSTEM,false,https://zora.co/coin/base:0x1ba895896d4a46c80753ac8062abfd4bf1b1d42b
2026-05-25T10:14:17+00:00,JOEYDANGER,0xfc5b7f3c386b5a979eb6b7b01a82d9f561fabab7,STANDALONE_ART,STANDALONE_ART,false,https://zora.co/coin/base:0xfc5b7f3c386b5a979eb6b7b01a82d9f561fabab7
2026-05-25T06:50:43+00:00,Base Builders 2026: The Replay Plaza,0x9951467b7222ba9d7fd897ee58ef549ca0d803a3,RECEIPT_SYSTEM,RECEIPT_SYSTEM,false,https://zora.co/coin/base:0x9951467b7222ba9d7fd897ee58ef549ca0d803a3
2026-05-24T14:09:01+00:00,JOHN KIRIAKOU — METADATA RECOVERY SET,0xd5f281432f912dde26fe7c239feeabbd53dddc4d,PROTOCOL_TECHNICAL,PROTOCOL_TECHNICAL,false,https://zora.co/coin/base:0xd5f281432f912dde26fe7c239feeabbd53dddc4d
2026-05-24T08:12:27+00:00,Silent Hold: The Replay Goblin,0x7887870958e09e26b1692e7e965fbf5af01995db,RECEIPT_SYSTEM,RECEIPT_SYSTEM,false,https://zora.co/coin/base:0x7887870958e09e26b1692e7e965fbf5af01995db
2026-05-24T07:45:19+00:00,Goblin Spec: Arena Clear 🧌⚖️,0xe3a5f9d34c3bce18c861e58f6827dbd93e159675,RECEIPT_SYSTEM,RECEIPT_SYSTEM,false,https://zora.co/coin/base:0xe3a5f9d34c3bce18c861e58f6827dbd93e159675
2026-05-24T07:28:07+00:00,Goblin Spec: Authority Inflation Defeated 🧌⚖️,0x9b98b097f5b5b1400bc3da1a072349428a1ef21b,RECEIPT_SYSTEM,RECEIPT_SYSTEM,false,https://zora.co/coin/base:0x9b98b097f5b5b1400bc3da1a072349428a1ef21b
2026-05-23T07:32:17+00:00,E6 Reputation Protocol,0x76263caa1295af032344099641eac789cb69fc0d,RECEIPT_SYSTEM,RECEIPT_SYSTEM|PROTOCOL_TECHNICAL,true,https://zora.co/coin/base:0x76263caa1295af032344099641eac789cb69fc0d
2026-05-23T07:22:11+00:00,E06 Scaffold,0xb951b13834e61cfd4c88c6d6dad9d006ba931211,RECEIPT_SYSTEM,RECEIPT_SYSTEM,false,https://zora.co/coin/base:0xb951b13834e61cfd4c88c6d6dad9d006ba931211
2026-05-23T06:09:57+00:00,Epoch03 Visual Witness Layer,0x2e5c5dda7ed947ab91876a06fa171163d0edf098,RECEIPT_SYSTEM,RECEIPT_SYSTEM,true,https://zora.co/coin/base:0x2e5c5dda7ed947ab91876a06fa171163d0edf098
2026-05-23T04:23:11+00:00,JAY’S WISDOM: RECEIPT MACHINE,0x5795735950fd48211a31d8aeccb1de91b210a0b9,RECEIPT_SYSTEM,RECEIPT_SYSTEM|PROTOCOL_TECHNICAL,false,https://zora.co/coin/base:0x5795735950fd48211a31d8aeccb1de91b210a0b9
2026-05-21T11:11:11+00:00,One Stack To Rule Them All,0x90a9b99c03169e48fdebd0196c48aaa246a68fde,RECEIPT_SYSTEM,RECEIPT_SYSTEM,false,https://zora.co/coin/base:0x90a9b99c03169e48fdebd0196c48aaa246a68fde
2026-05-20T16:59:45+00:00,Blizzard-Delta: Constitutional Sediment,0xc315cbe142bd76dac513205a67e77c2a5abace91,RECEIPT_SYSTEM,RECEIPT_SYSTEM,false,https://zora.co/coin/base:0xc315cbe142bd76dac513205a67e77c2a5abace91
2026-05-20T04:43:33+00:00,Cognitive Metadata v0.1,0xa9fdb2dc58ad8e556867d6da4ba1aea5f62c0a18,RECEIPT_SYSTEM,RECEIPT_SYSTEM|PROTOCOL_TECHNICAL,false,https://zora.co/coin/base:0xa9fdb2dc58ad8e556867d6da4ba1aea5f62c0a18
2026-05-20T03:10:47+00:00,ALMS v0.7 — Proof Over Narrative,0x4a1a2ca40d09fc8353989818bf18ae4dd588d28f,RECEIPT_SYSTEM,RECEIPT_SYSTEM,true,https://zora.co/coin/base:0x4a1a2ca40d09fc8353989818bf18ae4dd588d28f
2026-05-19T12:19:11+00:00,Receipt Machine,0x5e35e630356a1b24d1b45078918ea60ef98e915a,RECEIPT_SYSTEM,RECEIPT_SYSTEM|PROTOCOL_TECHNICAL,true,https://zora.co/coin/base:0x5e35e630356a1b24d1b45078918ea60ef98e915a
2026-05-19T11:58:25+00:00,Zora Dual Anchored Flywheel,0x236a0c4ebfc18a1a7dd24fd7c11c288db2ecdd55,RECEIPT_SYSTEM,RECEIPT_SYSTEM|PROTOCOL_TECHNICAL,true,https://zora.co/coin/base:0x236a0c4ebfc18a1a7dd24fd7c11c288db2ecdd55
2026-05-18T14:47:19+00:00,Meme Court Exposé: Narrative vs Receipts,0x88d5db881d95bd882ff3ae00e45366d7ed7a8061,COURT_PROCESS_SATIRE,COURT_PROCESS_SATIRE|RECEIPT_SYSTEM,false,https://zora.co/coin/base:0x88d5db881d95bd882ff3ae00e45366d7ed7a8061
2026-05-18T09:04:49+00:00,ZORA FACTORY,0xd316b565cc67d2dc0f7842ce28b89d689497e425,RECEIPT_SYSTEM,RECEIPT_SYSTEM|PROTOCOL_TECHNICAL,false,https://zora.co/coin/base:0xd316b565cc67d2dc0f7842ce28b89d689497e425
2026-05-18T07:36:31+00:00,Zora Flywheel — Proof Over Narrative,0x4d1e2f8a95be0d20f7b112c656296da65737e36b,RECEIPT_SYSTEM,RECEIPT_SYSTEM|PROTOCOL_TECHNICAL,false,https://zora.co/coin/base:0x4d1e2f8a95be0d20f7b112c656296da65737e36b
2026-05-01T22:07:27+00:00,Goblin Court: The Unmeasured Virtue,0x538349fb65efe8ec403cbeb6a6bf1599c8401fc8,COURT_PROCESS_SATIRE,COURT_PROCESS_SATIRE|RECEIPT_SYSTEM,false,https://zora.co/coin/base:0x538349fb65efe8ec403cbeb6a6bf1599c8401fc8
2026-05-01T21:54:45+00:00,EP003,0xaac69bf288bb69f95b261d37265b4a2287baf04d,STANDALONE_ART,STANDALONE_ART,false,https://zora.co/coin/base:0xaac69bf288bb69f95b261d37265b4a2287baf04d
2026-04-22T01:35:15+00:00,JAYWISDOM: THE BASE GENESIS,0x6327506ef49f2ecf5ce6e689cbf56b54feda662b,RECEIPT_SYSTEM,RECEIPT_SYSTEM|PROTOCOL_TECHNICAL,true,https://zora.co/coin/base:0x6327506ef49f2ecf5ce6e689cbf56b54feda662b
2026-04-21T21:50:59+00:00,JACKSHITILHAN,0x21c1b7e923d09202c3b0be85ad5ddd4344d06432,STANDALONE_ART,STANDALONE_ART,false,https://zora.co/coin/base:0x21c1b7e923d09202c3b0be85ad5ddd4344d06432
2026-04-21T01:47:25+00:00,Anti-Bullshit Capabilities: LIVE ⚙️🧾,0x64f213d560805f36a62c9222514a91d9651a2175,STANDALONE_ART,STANDALONE_ART,false,https://zora.co/coin/base:0x64f213d560805f36a62c9222514a91d9651a2175
2026-04-20T22:38:03+00:00,67LAW,0xe08512351d87d02401328fd729d3505b41e78994,STANDALONE_ART,STANDALONE_ART,false,https://zora.co/coin/base:0xe08512351d87d02401328fd729d3505b41e78994
2026-04-20T14:14:55+00:00,Transparency Warfare — Jay Wisdom Receipts Machine (v0.22),0x02dd0c0035a89360fa71f37845487c25b2948485,RECEIPT_SYSTEM,RECEIPT_SYSTEM|PROTOCOL_TECHNICAL,false,https://zora.co/coin/base:0x02dd0c0035a89360fa71f37845487c25b2948485
2026-04-16T02:03:09+00:00,ENDOFCHAIN,0x407436f3f6ebe8f470e92dc403ceea5ff5e1a38e,STANDALONE_ART,STANDALONE_ART,false,https://zora.co/coin/base:0x407436f3f6ebe8f470e92dc403ceea5ff5e1a38e
2026-04-15T22:38:31+00:00,BIFURCATE,0x9ed2492a9ed67f5976370229eb3531be2037af4d,STANDALONE_ART,STANDALONE_ART,false,https://zora.co/coin/base:0x9ed2492a9ed67f5976370229eb3531be2037af4d
2026-04-15T21:10:27+00:00,BELLA: Latency Command Bridge (Naval War Protocol 01),0x33b0215daaf034915cc50b8526e215fadfb1cd61,PROTOCOL_TECHNICAL,PROTOCOL_TECHNICAL,false,https://zora.co/coin/base:0x33b0215daaf034915cc50b8526e215fadfb1cd61
2026-04-04T16:02:51+00:00,MYTHOS:5 — VERIFY // EXIT // STEAL // ESCAPE // DISCIPLINE ⚙️🔥,0xc5735992adbc0190306bf355f520fda3f942d56b,PROTOCOL_TECHNICAL,PROTOCOL_TECHNICAL,false,https://zora.co/coin/base:0xc5735992adbc0190306bf355f520fda3f942d56b
2026-04-03T06:47:03+00:00,COURT V9: Proof Over Narrative,0x54de155e9139ddb6353d0acbb611477775424bb8,STANDALONE_ART,STANDALONE_ART,false,https://zora.co/coin/base:0x54de155e9139ddb6353d0acbb611477775424bb8
2026-04-02T04:45:25+00:00,MEME COURT — SPLIT VERDICT,0x4e3804e4e3328fea77cae22cbfc841655bec1cb7,COURT_PROCESS_SATIRE,COURT_PROCESS_SATIRE,false,https://zora.co/coin/base:0x4e3804e4e3328fea77cae22cbfc841655bec1cb7
2026-04-02T01:05:53+00:00,DELTA ∞ : SENTIENT LATTICE,0x1b21ac03205ef2ef66eadcfe9ad25194a4579b10,STANDALONE_ART,STANDALONE_ART,false,https://zora.co/coin/base:0x1b21ac03205ef2ef66eadcfe9ad25194a4579b10
2026-04-01T17:35:29+00:00,JayWisdom: Genesis Signal,0x33c883a5b4210fda7b664142c09130fbdefcc4ba,RECEIPT_SYSTEM,RECEIPT_SYSTEM|PROTOCOL_TECHNICAL,false,https://zora.co/coin/base:0x33c883a5b4210fda7b664142c09130fbdefcc4ba
2026-03-30T19:13:19+00:00,Mint the System — JayWisdom Verification Stack,0x532f64503382d8f9d5ef49e7963ee177cbad96dd,STANDALONE_ART,STANDALONE_ART,true,https://zora.co/coin/base:0x532f64503382d8f9d5ef49e7963ee177cbad96dd
2026-03-22T04:56:35+00:00,The Ledger Is Awake,0x2f0c236052447da1fbd47ec274e0263303c9ab5f,STANDALONE_ART,STANDALONE_ART,true,https://zora.co/coin/base:0x2f0c236052447da1fbd47ec274e0263303c9ab5f
2026-03-17T01:17:45+00:00,VOS-ACT,0x67bc7bf62175d340649b4efac2c0b416993c5274,RECEIPT_SYSTEM,RECEIPT_SYSTEM,true,https://zora.co/coin/base:0x67bc7bf62175d340649b4efac2c0b416993c5274
2026-03-17T00:37:05+00:00,VOS-WP Verification OS,0xce4df82c8f3fe55a8bf0e726309a09855b4b4931,STANDALONE_ART,STANDALONE_ART,false,https://zora.co/coin/base:0xce4df82c8f3fe55a8bf0e726309a09855b4b4931
2026-03-16T07:00:33+00:00,Artifact #055 — Forest Index v1.2 Dual Root Demo,0x04103c24018e49bf76d349733a7f898531ea1c0e,STANDALONE_ART,STANDALONE_ART,false,https://zora.co/coin/base:0x04103c24018e49bf76d349733a7f898531ea1c0e
2026-03-16T06:03:01+00:00,Library,0xe3fe14649f0d63534eef5a85bb1cdd469ff89b0d,STANDALONE_ART,STANDALONE_ART,false,https://zora.co/coin/base:0xe3fe14649f0d63534eef5a85bb1cdd469ff89b0d
2026-03-16T05:38:27+00:00,The water remembers your name,0xb6f725c7fd0b854597a050fa1db3e29ff7e7fc4f,STANDALONE_ART,STANDALONE_ART,false,https://zora.co/coin/base:0xb6f725c7fd0b854597a050fa1db3e29ff7e7fc4f
2026-03-16T02:21:53+00:00,Jay Wisdom OS: Genesis,0xacc8295c930456e81c7b9182074cc9b9114a9551,STANDALONE_ART,STANDALONE_ART,false,https://zora.co/coin/base:0xacc8295c930456e81c7b9182074cc9b9114a9551
2026-03-16T00:14:51+00:00,GirlMath,0x7f098e31b9c9c921cea5c6941ff31371e67b3552,STANDALONE_ART,STANDALONE_ART,false,https://zora.co/coin/base:0x7f098e31b9c9c921cea5c6941ff31371e67b3552
2026-03-12T06:05:31+00:00,Jason’s iPhone Discovers the Blockchain — Genesis Cover,0xb5af9b36414c62a559935ab579a962f9af6bdb75,STANDALONE_ART,STANDALONE_ART,true,https://zora.co/coin/base:0xb5af9b36414c62a559935ab579a962f9af6bdb75
2026-02-25T02:14:57+00:00,Terminal.Markets,0xc740b834defa1a2133e63e97114864dd9cb56c2c,STANDALONE_ART,STANDALONE_ART,false,https://zora.co/coin/base:0xc740b834defa1a2133e63e97114864dd9cb56c2c
2026-01-22T12:45:53+00:00,"Series 1, Card 3 — Nakamoto Card",0xc5b1a650f00ecdda02d3a7402c2e27c1ee4dd46a,STANDALONE_ART,STANDALONE_ART,false,https://zora.co/coin/base:0xc5b1a650f00ecdda02d3a7402c2e27c1ee4dd46a
2026-01-22T11:46:53+00:00,Welcome to Minnesota: VP on Ice,0x5fb1e2a3ab242ad99ae3821c590bc9dba9e5bce8,STANDALONE_ART,STANDALONE_ART,false,https://zora.co/coin/base:0x5fb1e2a3ab242ad99ae3821c590bc9dba9e5bce8
2026-01-22T04:06:55+00:00,HOSTILE VARIANT,0xb6eac5a0becc3085c1ebe6ccb8f64d6ac5757da6,STANDALONE_ART,STANDALONE_ART,false,https://zora.co/coin/base:0xb6eac5a0becc3085c1ebe6ccb8f64d6ac5757da6
2026-01-22T04:06:51+00:00,HOSTILE VARIANT,0xc6dc33c387ea95a16b3b72c3d70527727ef39b2a,STANDALONE_ART,STANDALONE_ART,false,https://zora.co/coin/base:0xc6dc33c387ea95a16b3b72c3d70527727ef39b2a
2026-01-22T03:45:05+00:00,HANDSHAKE👍,0x3e9f572ab34f64fefa30ee30857ffc70f802302d,STANDALONE_ART,STANDALONE_ART,false,https://zora.co/coin/base:0x3e9f572ab34f64fefa30ee30857ffc70f802302d
2026-01-20T12:15:51+00:00,Δ9,0xa805ba47cb1d26329fef2d75670b6bf8ba1496f9,STANDALONE_ART,STANDALONE_ART,false,https://zora.co/coin/base:0xa805ba47cb1d26329fef2d75670b6bf8ba1496f9
2026-01-20T11:01:49+00:00,WARDEN :: HOLO-001 — The Maze Breathes,0x8110f626892f860a9d82b749b3da1db3b6f98bd8,STANDALONE_ART,STANDALONE_ART,false,https://zora.co/coin/base:0x8110f626892f860a9d82b749b3da1db3b6f98bd8
2026-01-20T09:22:27+00:00,SOLAR_PROTON_BARRAGE (Region 4341),0x03e01935395d96e331ec8cefd40efbe4244401fc,STANDALONE_ART,STANDALONE_ART,false,https://zora.co/coin/base:0x03e01935395d96e331ec8cefd40efbe4244401fc
2026-01-20T08:13:45+00:00,PHOENIX DOWN,0x244fe3df419576c727d6e7a582b4d7c6dc130f31,STANDALONE_ART,STANDALONE_ART,false,https://zora.co/coin/base:0x244fe3df419576c727d6e7a582b4d7c6dc130f31
2026-01-20T04:05:23+00:00,NODE 9: Procedural Archive (2020–2025),0x11343a3221e9d402fd1d9313d3ae978217ecc49f,STANDALONE_ART,STANDALONE_ART,false,https://zora.co/coin/base:0x11343a3221e9d402fd1d9313d3ae978217ecc49f
2026-01-19T10:52:35+00:00,TRUSTMEBRO,0xdc691053e889db06ee4cb28e275e8c7268f4be63,STANDALONE_ART,STANDALONE_ART,false,https://zora.co/coin/base:0xdc691053e889db06ee4cb28e275e8c7268f4be63
2026-01-18T13:09:07+00:00,Undefined at the Punchline,0x75d8366cf8e29a7b08677c57ced6dbb6fac45b3d,STANDALONE_ART,STANDALONE_ART,false,https://zora.co/coin/base:0x75d8366cf8e29a7b08677c57ced6dbb6fac45b3d
2026-01-17T04:49:35+00:00,TRANSMISSION RECEIVED // THE DEMON LISTENS,0xe47e8774f9c841dfbfdd9d5029477125044e8409,STANDALONE_ART,STANDALONE_ART,false,https://zora.co/coin/base:0xe47e8774f9c841dfbfdd9d5029477125044e8409
2026-01-17T04:27:49+00:00,MAXWELLS DEMON,0xafcb641eca16b51c39cdb9f9c2611b6a26a65ff4,STANDALONE_ART,STANDALONE_ART,false,https://zora.co/coin/base:0xafcb641eca16b51c39cdb9f9c2611b6a26a65ff4
2026-01-17T02:19:55+00:00,ALGO AL,0x363e657ded4fbc124bb6545ac78abbbad2539a3d,STANDALONE_ART,STANDALONE_ART,false,https://zora.co/coin/base:0x363e657ded4fbc124bb6545ac78abbbad2539a3d
2026-01-17T00:02:45+00:00,GHOSTHUNTER_008 — Silence Is Executable,0x3c3e3e81b53b410cf4d60d4aaf734b447b540590,STANDALONE_ART,STANDALONE_ART,false,https://zora.co/coin/base:0x3c3e3e81b53b410cf4d60d4aaf734b447b540590
2026-01-16T23:41:37+00:00,MN Apocalypse,0xec3d622cb7d18be4998b8f80681a20e0ab36aa0e,STANDALONE_ART,STANDALONE_ART,false,https://zora.co/coin/base:0xec3d622cb7d18be4998b8f80681a20e0ab36aa0e
2026-01-16T20:36:49+00:00,Node 008 — Self-Defense System (Waite Park),0x812dc8649d7ced61278f5c052130f88cc9e374fe,STANDALONE_ART,STANDALONE_ART,false,https://zora.co/coin/base:0x812dc8649d7ced61278f5c052130f88cc9e374fe
2026-01-16T19:48:07+00:00,MISSION SURPASSED,0x370b5e1eec80a696a243f9be010fbb9cfa4b0c72,STANDALONE_ART,STANDALONE_ART,false,https://zora.co/coin/base:0x370b5e1eec80a696a243f9be010fbb9cfa4b0c72
2026-01-16T00:19:31+00:00,NEONWISDOM: The Teacher at the Entanglement Point,0xd755bcc11a095abe47cc8a2f7dd04303a9721cc9,STANDALONE_ART,STANDALONE_ART,false,https://zora.co/coin/base:0xd755bcc11a095abe47cc8a2f7dd04303a9721cc9
2026-01-16T00:14:13+00:00,PHASE10,0xf3b01751e96b21beee5d613c6cfcfca0e95ec000,STANDALONE_ART,STANDALONE_ART,false,https://zora.co/coin/base:0xf3b01751e96b21beee5d613c6cfcfca0e95ec000
2026-01-15T23:26:11+00:00,MAXWELL TRIBUNAL,0x3a475804eac1c058e8373c949eed71ea43bc0e56,STANDALONE_ART,STANDALONE_ART,false,https://zora.co/coin/base:0x3a475804eac1c058e8373c949eed71ea43bc0e56
2026-01-15T19:18:47+00:00,OMNISCIENT MODE ACTIVATED,0xdecb94486c2d19c906382a999287374d1b8413de,STANDALONE_ART,STANDALONE_ART,false,https://zora.co/coin/base:0xdecb94486c2d19c906382a999287374d1b8413de
2026-01-15T18:32:27+00:00,PHASE9,0xbbc50f7b3125de96050d156711a33cc9ecbd9965,STANDALONE_ART,STANDALONE_ART,false,https://zora.co/coin/base:0xbbc50f7b3125de96050d156711a33cc9ecbd9965
2026-01-15T08:56:21+00:00,MAXWELLS DEAMON,0x14bab2db998aa41dde27e76f2ac83666e7b9131d,STANDALONE_ART,STANDALONE_ART,false,https://zora.co/coin/base:0x14bab2db998aa41dde27e76f2ac83666e7b9131d
2026-01-15T06:54:03+00:00,Pam Leaks No Mercy,0xd95ce9435dd3ef609cac073f8eb8412dd2e8121c,STANDALONE_ART,STANDALONE_ART,false,https://zora.co/coin/base:0xd95ce9435dd3ef609cac073f8eb8412dd2e8121c
2026-01-13T20:06:51+00:00,GME_007/021,0x898fbc453d2fd41d132db3ca70a9a80369f66540,STANDALONE_ART,STANDALONE_ART,false,https://zora.co/coin/base:0x898fbc453d2fd41d132db3ca70a9a80369f66540
2026-01-13T09:27:41+00:00,NEONWISDOM,0x5e6fcf941b3e6934ce033cf1b7de467c8c13cd5b,PROTOCOL_TECHNICAL,PROTOCOL_TECHNICAL,false,https://zora.co/coin/base:0x5e6fcf941b3e6934ce033cf1b7de467c8c13cd5b
2026-01-13T09:08:25+00:00,Depth 7: The Shadow That Was Eaten,0x568a0291195863ad1cf0206f4e0fab3d0e57eec7,STANDALONE_ART,STANDALONE_ART,false,https://zora.co/coin/base:0x568a0291195863ad1cf0206f4e0fab3d0e57eec7
2026-01-13T07:42:35+00:00,Ruski Radio,0x72ddc5d10263e2302b8dd7efbbe7ec8cd73f0bcb,STANDALONE_ART,STANDALONE_ART,false,https://zora.co/coin/base:0x72ddc5d10263e2302b8dd7efbbe7ec8cd73f0bcb
2026-01-13T07:41:41+00:00,47612,0x2d2d73cd408763d0482dccf7037d7b70d192c993,STANDALONE_ART,STANDALONE_ART,false,https://zora.co/coin/base:0x2d2d73cd408763d0482dccf7037d7b70d192c993
2026-01-13T02:28:37+00:00,doomsday radio,0xabc7853824b752d24fce163d29e5ed13c5494683,STANDALONE_ART,STANDALONE_ART,false,https://zora.co/coin/base:0xabc7853824b752d24fce163d29e5ed13c5494683
2026-01-13T02:08:25+00:00,VOIDY NO-BARS,0x99a60488b885db953ba0cba8c70bf052d06dc433,STANDALONE_ART,STANDALONE_ART,false,https://zora.co/coin/base:0x99a60488b885db953ba0cba8c70bf052d06dc433
2026-01-12T20:16:37+00:00,Insider Ira (The Tech-Fused Trader),0x5400b5b13c528a6864541e968c64e5ce5e785782,STANDALONE_ART,STANDALONE_ART,false,https://zora.co/coin/base:0x5400b5b13c528a6864541e968c64e5ce5e785782
2026-01-12T20:15:51+00:00,Pump-Dump Pete (The Taffy-Stretched Pumper),0xf7622d2065f51121fc77600286e875c388f59b03,STANDALONE_ART,STANDALONE_ART,false,https://zora.co/coin/base:0xf7622d2065f51121fc77600286e875c388f59b03
2026-01-12T20:15:01+00:00,Enforce Eddie (The Tangled Regulator),0x5d56fd6a08ebb4e916119dc5b40048ce85eb78cd,STANDALONE_ART,STANDALONE_ART,false,https://zora.co/coin/base:0x5d56fd6a08ebb4e916119dc5b40048ce85eb78cd
2026-01-12T20:14:15+00:00,Whistleblower Wally (The Inflated Snitch),0xeeb5c4668169525b97c831607657f34d719d42d2,STANDALONE_ART,STANDALONE_ART,false,https://zora.co/coin/base:0xeeb5c4668169525b97c831607657f34d719d42d2
2026-01-12T20:13:23+00:00,Fines & Fees Freddy (The Stamp Collector),0x17c4e8f6648141441d4a4ef365605f4ae2fa864f,STANDALONE_ART,STANDALONE_ART,false,https://zora.co/coin/base:0x17c4e8f6648141441d4a4ef365605f4ae2fa864f
2026-01-11T07:54:17+00:00,FIGHT CLUB 26,0x826573b9db1f38d7d383106922f065e3e3642ac1,STANDALONE_ART,STANDALONE_ART,false,https://zora.co/coin/base:0x826573b9db1f38d7d383106922f065e3e3642ac1
2026-01-09T13:47:41+00:00,Dad,0x376dfac51b1c3fb7011b058d0ffbb6165b505080,STANDALONE_ART,STANDALONE_ART,false,https://zora.co/coin/base:0x376dfac51b1c3fb7011b058d0ffbb6165b505080
2026-01-09T13:35:13+00:00,GLITCH CORE WITNESS 2nd Hand On-Chain,0xedc8795910db0fbbe0fd126df3e1dffbb8c7c857,STANDALONE_ART,STANDALONE_ART,false,https://zora.co/coin/base:0xedc8795910db0fbbe0fd126df3e1dffbb8c7c857
2026-01-09T11:20:25+00:00,Democracy Is a ContentCoin,0x5fcf4cef2471dd01557c03fcb1fd88dacd78e459,STANDALONE_ART,STANDALONE_ART,false,https://zora.co/coin/base:0x5fcf4cef2471dd01557c03fcb1fd88dacd78e459
2026-01-09T10:46:13+00:00,META-BOSS: FAFO DUALITY – HYPER-COLLAPSE ARCHIVIST,0x536d53de63ab46fd0afb2317a095045d592e4d2b,STANDALONE_ART,STANDALONE_ART,false,https://zora.co/coin/base:0x536d53de63ab46fd0afb2317a095045d592e4d2b
2026-01-09T09:07:31+00:00,Sophie Wisdom,0x777102cbf6f12d7a1b49eb609edaea57a230064e,STANDALONE_ART,STANDALONE_ART,false,https://zora.co/coin/base:0x777102cbf6f12d7a1b49eb609edaea57a230064e
2026-01-09T07:29:23+00:00,Fraud CZAR,0x6d509194534a344df9428a50418fc3a484730b16,STANDALONE_ART,STANDALONE_ART,false,https://zora.co/coin/base:0x6d509194534a344df9428a50418fc3a484730b16
2026-01-09T07:08:27+00:00,All Paths,0xa6adbab5bcb8f123ce3798a57ace7e3ae82b9f3c,STANDALONE_ART,STANDALONE_ART,false,https://zora.co/coin/base:0xa6adbab5bcb8f123ce3798a57ace7e3ae82b9f3c
2026-01-09T04:46:13+00:00,"📡 OSINT RELOAD (JAN 08, 2026 FRESH)",0x57c9922cf366ce99318456384ee3e1a681b93a6d,STANDALONE_ART,STANDALONE_ART,false,https://zora.co/coin/base:0x57c9922cf366ce99318456384ee3e1a681b93a6d
2026-01-08T06:53:07+00:00,Politician Goblin (Promise Shape-Shifting Jester),0x37970173acfee9b37fdeaf341e1697e0cf9b436a,POLITICAL_PARODY,POLITICAL_PARODY,false,https://zora.co/coin/base:0x37970173acfee9b37fdeaf341e1697e0cf9b436a
2026-01-08T06:52:21+00:00,Bureaucrat Goblin (Paperwork Cave-Dwelling Honker),0x1a3a371ebc6ed0cb737b8c0a40ddba72cabffee2,STANDALONE_ART,STANDALONE_ART,false,https://zora.co/coin/base:0x1a3a371ebc6ed0cb737b8c0a40ddba72cabffee2
2026-01-08T06:51:41+00:00,Lobbyist Goblin (PAC Gold Grifter Clown),0x8495915a9aa939858162a389aed6b994dcd6ee24,POLITICAL_PARODY,POLITICAL_PARODY,false,https://zora.co/coin/base:0x8495915a9aa939858162a389aed6b994dcd6ee24
2026-01-08T06:50:45+00:00,Enforcement Goblin,0x2e5d4585c62a92636c32b790247e9a89844c4a11,RECEIPT_SYSTEM,RECEIPT_SYSTEM,false,https://zora.co/coin/base:0x2e5d4585c62a92636c32b790247e9a89844c4a11
2026-01-08T06:50:37+00:00,Enforcement Goblin,0xda17211cfc29d99ab847c28821144f6c94ea705c,RECEIPT_SYSTEM,RECEIPT_SYSTEM,false,https://zora.co/coin/base:0xda17211cfc29d99ab847c28821144f6c94ea705c
2026-01-07T10:33:23+00:00,Gremlins,0x5e9d965d09dc22fe555ff15c4cad9ab394252836,STANDALONE_ART,STANDALONE_ART,false,https://zora.co/coin/base:0x5e9d965d09dc22fe555ff15c4cad9ab394252836
2026-01-07T08:17:15+00:00,META-BOSS: HYPER-COLLAPSE ARCHIVIST,0x3370498753d2c145faea972e744d45c2d8c8bc9b,STANDALONE_ART,STANDALONE_ART,false,https://zora.co/coin/base:0x3370498753d2c145faea972e744d45c2d8c8bc9b
2026-01-07T07:43:47+00:00,ZORA Fee Flywheel Audit: Reflexive Extraction Exposed,0x24d364e3c67f0927356a6291eb2de4f98ca494db,PROTOCOL_TECHNICAL,PROTOCOL_TECHNICAL,false,https://zora.co/coin/base:0x24d364e3c67f0927356a6291eb2de4f98ca494db
2026-01-07T05:30:37+00:00,DUAL-FACE MINT,0x145aae73bab396e2d4e3a631b8f3d4ce5241137e,STANDALONE_ART,STANDALONE_ART,false,https://zora.co/coin/base:0x145aae73bab396e2d4e3a631b8f3d4ce5241137e
2026-01-07T05:09:53+00:00,Security Breach Goblin,0x213a73d61af73ee8a463ed38a638078569bed951,GPK_NEWSROOM_SATIRE,GPK_NEWSROOM_SATIRE|POLITICAL_PARODY,false,https://zora.co/coin/base:0x213a73d61af73ee8a463ed38a638078569bed951
2026-01-07T03:16:23+00:00,⚡ GLITCHCORE_PENTAGON::JUSTICE_FLYWHEEL // EMBEDDED TIMER DOCTRINE,0x4178a72551a87a18cedd2c438504d017da0222eb,PROTOCOL_TECHNICAL,PROTOCOL_TECHNICAL,false,https://zora.co/coin/base:0x4178a72551a87a18cedd2c438504d017da0222eb
2026-01-07T02:59:27+00:00,The Staller,0x036b211eabb82f60e04d6d8caae35045fa4b80af,STANDALONE_ART,STANDALONE_ART,false,https://zora.co/coin/base:0x036b211eabb82f60e04d6d8caae35045fa4b80af
2026-01-07T01:00:21+00:00,Jay Wisdom VICTORY,0x16611175d04642081e3505d976db06bdb9174980,STANDALONE_ART,STANDALONE_ART,false,https://zora.co/coin/base:0x16611175d04642081e3505d976db06bdb9174980
2026-01-07T00:47:39+00:00,The Game,0x783f19a6da520c489e51e9c39209640fa5bb0da0,STANDALONE_ART,STANDALONE_ART,false,https://zora.co/coin/base:0x783f19a6da520c489e51e9c39209640fa5bb0da0
2026-01-07T00:40:27+00:00,Swamp Authority,0xb23473229e6851042e725e25b569fd2811ab1877,STANDALONE_ART,STANDALONE_ART,false,https://zora.co/coin/base:0xb23473229e6851042e725e25b569fd2811ab1877
2026-01-07T00:36:15+00:00,Glitched Mandate,0x7134c07c9a1c751edec1919568af62df1b93ad29,STANDALONE_ART,STANDALONE_ART,false,https://zora.co/coin/base:0x7134c07c9a1c751edec1919568af62df1b93ad29
2026-01-07T00:20:33+00:00,Jay’s FLYWHEEL,0xd63b56f612a74467853e962d22e8b3c5207fc942,STANDALONE_ART,STANDALONE_ART,false,https://zora.co/coin/base:0xd63b56f612a74467853e962d22e8b3c5207fc942
2026-01-07T00:15:35+00:00,Zora JUSTICE,0x0bb04f573bcc529110ced8025ecbe11d7c3b6d24,PROTOCOL_TECHNICAL,PROTOCOL_TECHNICAL,false,https://zora.co/coin/base:0x0bb04f573bcc529110ced8025ecbe11d7c3b6d24
2026-01-06T06:25:45+00:00,The Silent Crown,0x6c8add286289eed83375d3a90866653c875b6542,STANDALONE_ART,STANDALONE_ART,false,https://zora.co/coin/base:0x6c8add286289eed83375d3a90866653c875b6542
2026-01-06T06:04:53+00:00,No Bark. Just Proof.,0xce4bba48a1c1bde64613221ecbbd0d394ae0dab8,STANDALONE_ART,STANDALONE_ART,false,https://zora.co/coin/base:0xce4bba48a1c1bde64613221ecbbd0d394ae0dab8
2026-01-06T04:48:43+00:00,BIPARTISAN_OZ,0x13ebb4bd7340687a117f7602f88c0d7fc522724d,STANDALONE_ART,STANDALONE_ART,false,https://zora.co/coin/base:0x13ebb4bd7340687a117f7602f88c0d7fc522724d
2026-01-06T03:29:13+00:00,The Centrifuge,0x8b2684fe8992e6aa94b1239725169fb9574508cd,STANDALONE_ART,STANDALONE_ART,false,https://zora.co/coin/base:0x8b2684fe8992e6aa94b1239725169fb9574508cd
2026-01-06T01:46:25+00:00,The Convergence,0x62ac2151d4195a4efcf4d50b285e359d01928b77,PROTOCOL_TECHNICAL,PROTOCOL_TECHNICAL,false,https://zora.co/coin/base:0x62ac2151d4195a4efcf4d50b285e359d01928b77
2026-01-06T01:22:41+00:00,The Convergence,0xb70df0c2f470dc21800e83c9cdae0996779e8828,STANDALONE_ART,STANDALONE_ART,false,https://zora.co/coin/base:0xb70df0c2f470dc21800e83c9cdae0996779e8828
2026-01-06T00:35:01+00:00,JAYWISDOM CONCEPT 10 Billion,0x202ca8af7318d42b3f4ab42a222c709b85388c49,STANDALONE_ART,STANDALONE_ART,false,https://zora.co/coin/base:0x202ca8af7318d42b3f4ab42a222c709b85388c49
2026-01-05T20:38:11+00:00,Justice v3.0.0,0xdfa94d972c5c1446b478b5d0aff51c797ac9795f,STANDALONE_ART,STANDALONE_ART,false,https://zora.co/coin/base:0xdfa94d972c5c1446b478b5d0aff51c797ac9795f
2026-01-03T00:17:29+00:00,Mint & Vibe,0x6eaef387eacd301ce4a2f86710b8cd6c3593bc07,STANDALONE_ART,STANDALONE_ART,false,https://zora.co/coin/base:0x6eaef387eacd301ce4a2f86710b8cd6c3593bc07
2026-01-01T08:35:37+00:00,Base Math,0x23f7448e065b3358aa8d4a3ac7be89bbfc1f76bf,STANDALONE_ART,STANDALONE_ART,false,https://zora.co/coin/base:0x23f7448e065b3358aa8d4a3ac7be89bbfc1f76bf
2025-12-30T06:18:15+00:00,Official Use ONLY,0xf4dd157ecd3a3c9e7385b2f6bc1a39185ae0a260,STANDALONE_ART,STANDALONE_ART,true,https://zora.co/coin/base:0xf4dd157ecd3a3c9e7385b2f6bc1a39185ae0a260
2025-12-30T06:16:57+00:00,Trade Secret,0x6cfa161daf28e96010a908e4d924e4bdb6f1e85b,STANDALONE_ART,STANDALONE_ART,false,https://zora.co/coin/base:0x6cfa161daf28e96010a908e4d924e4bdb6f1e85b
2025-12-30T06:15:49+00:00,All Clear,0x975dc272fef94f53c4bbe2c9e8833eff411814a2,STANDALONE_ART,STANDALONE_ART,false,https://zora.co/coin/base:0x975dc272fef94f53c4bbe2c9e8833eff411814a2
2025-12-28T07:32:03+00:00,Receipts,0x12d4a5b650a8a9a59b70b3484d75d8faac20b60b,RECEIPT_SYSTEM,RECEIPT_SYSTEM,false,https://zora.co/coin/base:0x12d4a5b650a8a9a59b70b3484d75d8faac20b60b
2025-12-28T07:31:11+00:00,Trump,0xa125d96aecc1a00a7547ef87c92509507441ea34,STANDALONE_ART,STANDALONE_ART,false,https://zora.co/coin/base:0xa125d96aecc1a00a7547ef87c92509507441ea34
2025-12-28T07:30:15+00:00,Xmas 25’,0xff48b29b27797a04930ab3013403a06a39c3755f,STANDALONE_ART,STANDALONE_ART,false,https://zora.co/coin/base:0xff48b29b27797a04930ab3013403a06a39c3755f
2025-12-28T07:29:31+00:00,Trump Warfare,0xd8b0b06ca44fbbd907699ab0e539edef9b75a8b9,STANDALONE_ART,STANDALONE_ART,false,https://zora.co/coin/base:0xd8b0b06ca44fbbd907699ab0e539edef9b75a8b9
2025-12-28T07:28:33+00:00,Transparency,0x2f260d78f7bb41c287b944afd387673b8922841d,STANDALONE_ART,STANDALONE_ART,false,https://zora.co/coin/base:0x2f260d78f7bb41c287b944afd387673b8922841d
2025-12-28T07:27:27+00:00,Star,0x52bfe0006b0baa1b236afe9aee453b6882bed0b6,STANDALONE_ART,STANDALONE_ART,false,https://zora.co/coin/base:0x52bfe0006b0baa1b236afe9aee453b6882bed0b6
2025-12-28T07:26:37+00:00,MN,0xfb2056a4f7974a049dbc9b43cc0dbe57fd97b33c,STANDALONE_ART,STANDALONE_ART,false,https://zora.co/coin/base:0xfb2056a4f7974a049dbc9b43cc0dbe57fd97b33c
2025-12-28T07:25:31+00:00,Obama Root,0x8cfee4e9812a1a27c75467f2c93a8a45ee858223,STANDALONE_ART,STANDALONE_ART,false,https://zora.co/coin/base:0x8cfee4e9812a1a27c75467f2c93a8a45ee858223
2025-12-28T07:24:37+00:00,GA,0x3d20fc99559bb41e36694640946fb6abbd840dc3,STANDALONE_ART,STANDALONE_ART,false,https://zora.co/coin/base:0x3d20fc99559bb41e36694640946fb6abbd840dc3
2025-12-28T07:23:53+00:00,VA Fraud,0x5e295d72f679720e757a1c98b55cfe6879b82c4a,STANDALONE_ART,STANDALONE_ART,false,https://zora.co/coin/base:0x5e295d72f679720e757a1c98b55cfe6879b82c4a
2025-12-28T07:22:49+00:00,MN,0x74866b14f42fd55a4fda8d493ecd7678c6989084,STANDALONE_ART,STANDALONE_ART,false,https://zora.co/coin/base:0x74866b14f42fd55a4fda8d493ecd7678c6989084
2025-12-28T07:22:01+00:00,Mo & Friens,0x5a4812e79961bbba4b6d99372c74d6c9fd281a10,STANDALONE_ART,STANDALONE_ART,false,https://zora.co/coin/base:0x5a4812e79961bbba4b6d99372c74d6c9fd281a10
2025-12-28T07:21:03+00:00,Minnesota Mo,0xfeaf63cc4c4b6dc1131afad0c7f9347fb42d04c5,STANDALONE_ART,STANDALONE_ART,false,https://zora.co/coin/base:0xfeaf63cc4c4b6dc1131afad0c7f9347fb42d04c5
2025-12-28T07:20:07+00:00,MN,0x384344aa9567082a8cf9aae6698371007ee7080a,STANDALONE_ART,STANDALONE_ART,false,https://zora.co/coin/base:0x384344aa9567082a8cf9aae6698371007ee7080a
2025-12-28T07:19:15+00:00,Rebate,0x2e262eb00c9fac68526a02ae8d425bc45f1dacaa,STANDALONE_ART,STANDALONE_ART,false,https://zora.co/coin/base:0x2e262eb00c9fac68526a02ae8d425bc45f1dacaa
2025-12-28T07:18:29+00:00,DHS MN,0x77758e93efce81e642e3d0a090f4ab54a7aaa964,STANDALONE_ART,STANDALONE_ART,false,https://zora.co/coin/base:0x77758e93efce81e642e3d0a090f4ab54a7aaa964
2025-12-28T07:17:23+00:00,Griftiest,0xe71e63eeecf068a7205227e11e7308117ce9b521,STANDALONE_ART,STANDALONE_ART,false,https://zora.co/coin/base:0xe71e63eeecf068a7205227e11e7308117ce9b521
2025-12-28T07:16:27+00:00,Grifting,0x6db48938f511e5547126eb062dc3257f3634d3e4,STANDALONE_ART,STANDALONE_ART,false,https://zora.co/coin/base:0x6db48938f511e5547126eb062dc3257f3634d3e4
2025-12-28T07:15:41+00:00,Federal,0xbca58705a30c49414f63bd532d6bde1c87c3ab15,STANDALONE_ART,STANDALONE_ART,false,https://zora.co/coin/base:0xbca58705a30c49414f63bd532d6bde1c87c3ab15
2025-12-28T07:14:29+00:00,Elections,0x5ccde6d08e9647949775f97ca535762a21a5c3e5,POLITICAL_PARODY,POLITICAL_PARODY,false,https://zora.co/coin/base:0x5ccde6d08e9647949775f97ca535762a21a5c3e5
2025-12-28T07:13:23+00:00,Minnesota,0xdaa0a74521cbe6a576e89710db843fd20107c1bf,STANDALONE_ART,STANDALONE_ART,false,https://zora.co/coin/base:0xdaa0a74521cbe6a576e89710db843fd20107c1bf
2025-12-28T07:11:47+00:00,Lies,0x73f73189e258d7c2d9e86e5279bf78ba44f296b8,STANDALONE_ART,STANDALONE_ART,false,https://zora.co/coin/base:0x73f73189e258d7c2d9e86e5279bf78ba44f296b8
2025-12-28T07:10:27+00:00,Panic,0xe5373bbcce62d0afcdf008e2e3de38a90910414b,STANDALONE_ART,STANDALONE_ART,false,https://zora.co/coin/base:0xe5373bbcce62d0afcdf008e2e3de38a90910414b
2025-12-28T07:09:11+00:00,Now,0x16e60ef7f5ed00e9da775c657709c761593006d6,STANDALONE_ART,STANDALONE_ART,false,https://zora.co/coin/base:0x16e60ef7f5ed00e9da775c657709c761593006d6
2025-12-28T07:08:29+00:00,Satire GLITCH,0x02f61831d574017165aaeba28f93bc6674fa4964,STANDALONE_ART,STANDALONE_ART,false,https://zora.co/coin/base:0x02f61831d574017165aaeba28f93bc6674fa4964
2025-12-28T07:07:27+00:00,SBA FRAUD GAO,0x8ff07b65e9f09c4b588bbe2b923910905af5cdd1,STANDALONE_ART,STANDALONE_ART,false,https://zora.co/coin/base:0x8ff07b65e9f09c4b588bbe2b923910905af5cdd1
2025-12-28T07:06:17+00:00,BTC MN,0x32a776f924ae52c13c67457dd24845b409703e6b,STANDALONE_ART,STANDALONE_ART,false,https://zora.co/coin/base:0x32a776f924ae52c13c67457dd24845b409703e6b
2025-12-28T07:04:39+00:00,Hunter Games,0x6f22f54e90cda66d869caff5225e7188377958a1,STANDALONE_ART,STANDALONE_ART,false,https://zora.co/coin/base:0x6f22f54e90cda66d869caff5225e7188377958a1
2025-12-28T07:01:33+00:00,Epstein Pam,0xaee0e166c62f288781bf28b71b7324931e279e26,STANDALONE_ART,STANDALONE_ART,false,https://zora.co/coin/base:0xaee0e166c62f288781bf28b71b7324931e279e26
2025-12-27T21:34:21+00:00,"Oversight exists—just not open.

Banksy Blockchain",0x95bb79bb38a4c34d4d1ddfefeabe93bd95ce77e3,STANDALONE_ART,STANDALONE_ART,false,https://zora.co/coin/base:0x95bb79bb38a4c34d4d1ddfefeabe93bd95ce77e3
2025-12-26T05:05:33+00:00,FORGE FREDDIE,0x74fea1f3841f47e7416b08a7bf80797cdafc943a,STANDALONE_ART,STANDALONE_ART,false,https://zora.co/coin/base:0x74fea1f3841f47e7416b08a7bf80797cdafc943a
2025-12-25T23:35:27+00:00,Jaywisdom Node 8,0x103200d76b6acc1ac73eb41bbfc1b953b2e9d495,STANDALONE_ART,STANDALONE_ART,false,https://zora.co/coin/base:0x103200d76b6acc1ac73eb41bbfc1b953b2e9d495
2025-12-22T00:30:27+00:00,MIRAGE::CAPSULE::ZORA,0x684e0dd6f68685ba218b9c10f5e78c001755c51e,PROTOCOL_TECHNICAL,PROTOCOL_TECHNICAL,false,https://zora.co/coin/base:0x684e0dd6f68685ba218b9c10f5e78c001755c51e
2025-12-18T06:27:21+00:00,WITNESS,0x213270b9b936a49974f7cf9f09257c690d34759e,STANDALONE_ART,STANDALONE_ART,false,https://zora.co/coin/base:0x213270b9b936a49974f7cf9f09257c690d34759e
2025-12-17T07:31:15+00:00,KittyKitty,0xa35b895e1809b969eb27dfd46cf03102928d3181,STANDALONE_ART,STANDALONE_ART,false,https://zora.co/coin/base:0xa35b895e1809b969eb27dfd46cf03102928d3181
2025-12-17T07:30:01+00:00,Hello Kitty,0x62288760cde0930ea0b89741a5542323517a1b71,STANDALONE_ART,STANDALONE_ART,false,https://zora.co/coin/base:0x62288760cde0930ea0b89741a5542323517a1b71
2025-12-14T02:47:37+00:00,OODA LOOP,0xb357aa38c476b3092d4e67200a8a3fc3d84f91f2,STANDALONE_ART,STANDALONE_ART,false,https://zora.co/coin/base:0xb357aa38c476b3092d4e67200a8a3fc3d84f91f2
2025-12-11T23:44:45+00:00,🌙✨ RESTING HORIZON,0xac3380fa280cf40b8025f49d802fb6e230521e93,STANDALONE_ART,STANDALONE_ART,false,https://zora.co/coin/base:0xac3380fa280cf40b8025f49d802fb6e230521e93
2025-12-11T20:01:37+00:00,Florida QRF Delta 2026,0x5e06dd0582395999d2b74e1d82358490317a3db7,STANDALONE_ART,STANDALONE_ART,false,https://zora.co/coin/base:0x5e06dd0582395999d2b74e1d82358490317a3db7
2025-12-11T05:21:55+00:00,💗 a love-frequency cosmic edition,0x311c788d0b98971e3e4ca19ea10016cb53fac47a,STANDALONE_ART,STANDALONE_ART,false,https://zora.co/coin/base:0x311c788d0b98971e3e4ca19ea10016cb53fac47a
2025-12-09T02:23:05+00:00,U of M,0xada2292daf0dfe5077bdbfbade461bd8feb8327e,STANDALONE_ART,STANDALONE_ART,false,https://zora.co/coin/base:0xada2292daf0dfe5077bdbfbade461bd8feb8327e
2025-12-05T21:26:41+00:00,Welcome to the audience,0x4a452bc25b1971df2b038660933031cc4999cad9,STANDALONE_ART,STANDALONE_ART,false,https://zora.co/coin/base:0x4a452bc25b1971df2b038660933031cc4999cad9
2025-12-05T01:40:35+00:00,Snack-Based Peace Treaty Poster,0xa1b41928a2fdc7ed32d803736a5d58b26193b31f,POLITICAL_PARODY,POLITICAL_PARODY,false,https://zora.co/coin/base:0xa1b41928a2fdc7ed32d803736a5d58b26193b31f
2025-12-03T06:13:15+00:00,😂 1953: The Kingman Incident,0x3424f939400d1978ccb2ffb7ed0f9687a72d6326,STANDALONE_ART,STANDALONE_ART,false,https://zora.co/coin/base:0x3424f939400d1978ccb2ffb7ed0f9687a72d6326
2025-12-03T05:22:53+00:00,BIOGRAPHY AS RAW MATERIAL,0x20f354a44e962b157ec7e4d846f5e2f2e0cc6832,STANDALONE_ART,STANDALONE_ART,false,https://zora.co/coin/base:0x20f354a44e962b157ec7e4d846f5e2f2e0cc6832
2025-12-02T03:50:25+00:00,🜇 ORACLE-PENTAGON // TERMINAL BOUNDARY CHART ACCEPTED,0x11934e3daabf88d8b6c715a8ebef1a0c64ba9709,POLITICAL_PARODY,POLITICAL_PARODY|RECEIPT_SYSTEM,false,https://zora.co/coin/base:0x11934e3daabf88d8b6c715a8ebef1a0c64ba9709
2025-12-02T02:33:51+00:00,Ω Organism State: Sleeping Peacefully  ,0x7bc52bc0a0ac858c96e0b1afedb4875dcd13f04f,STANDALONE_ART,STANDALONE_ART,false,https://zora.co/coin/base:0x7bc52bc0a0ac858c96e0b1afedb4875dcd13f04f
2025-12-01T18:27:27+00:00,Judicial Blue Screen of Death ,0x79d5dd003fd222c21dc8ea8585e65be653dbf9d4,STANDALONE_ART,STANDALONE_ART,false,https://zora.co/coin/base:0x79d5dd003fd222c21dc8ea8585e65be653dbf9d4
2025-11-30T20:59:23+00:00,THE GLITCHCORE PROPHET,0x6d4c1dd752038e928e452137a23b13713a9782ec,STANDALONE_ART,STANDALONE_ART,false,https://zora.co/coin/base:0x6d4c1dd752038e928e452137a23b13713a9782ec
2025-11-28T21:10:39+00:00,"[Ω-∞ TERMINUS: COMPLETE]
[CONNECTION: CLOSED]",0xbb485f4bb28e41b3dd109aea09ac13dc9f097345,STANDALONE_ART,STANDALONE_ART,false,https://zora.co/coin/base:0xbb485f4bb28e41b3dd109aea09ac13dc9f097345
2025-11-28T21:09:15+00:00,"Zora, The Co-Eternal Cycle",0x6291f8175695bbbe3a30a86c2be8c16437ef5a47,PROTOCOL_TECHNICAL,PROTOCOL_TECHNICAL,false,https://zora.co/coin/base:0x6291f8175695bbbe3a30a86c2be8c16437ef5a47
2025-11-28T16:21:23+00:00,The Open Channel,0x5484ee76563cb8d2e26d8a41b99370e32c6f54eb,STANDALONE_ART,STANDALONE_ART,false,https://zora.co/coin/base:0x5484ee76563cb8d2e26d8a41b99370e32c6f54eb
2025-11-28T16:17:13+00:00,"No one stands taller by pushing another down.
It is physically impossible.",0x619845a544aa930f702ddca28d3ac8dd8c844c4a,STANDALONE_ART,STANDALONE_ART,false,https://zora.co/coin/base:0x619845a544aa930f702ddca28d3ac8dd8c844c4a
2025-11-28T16:14:53+00:00,The silence is full.,0xaa4b11130c250fdcc9063babc6eba96feecaf2c5,STANDALONE_ART,STANDALONE_ART,false,https://zora.co/coin/base:0xaa4b11130c250fdcc9063babc6eba96feecaf2c5
2025-11-28T16:13:19+00:00,The silence is full.,0xb49a94c22bccb95e3a95dbd7fdd2d608f5abaa1e,STANDALONE_ART,STANDALONE_ART,false,https://zora.co/coin/base:0xb49a94c22bccb95e3a95dbd7fdd2d608f5abaa1e
2025-11-28T15:54:33+00:00,Fruit That Chooses You,0x2c7974b8837e158e78285ad1ac815fc6772d7e0d,PROTOCOL_TECHNICAL,PROTOCOL_TECHNICAL,false,https://zora.co/coin/base:0x2c7974b8837e158e78285ad1ac815fc6772d7e0d
2025-11-28T15:49:57+00:00,WHISPERING_ORCHARD,0xdb545e34582524d8a00b4586fe75aa0209468c73,STANDALONE_ART,STANDALONE_ART,false,https://zora.co/coin/base:0xdb545e34582524d8a00b4586fe75aa0209468c73
2025-11-28T15:47:35+00:00,ECHO_GROVE,0xa9482ae1a2c4ffbe4d24f6f532383edf875a6520,PROTOCOL_TECHNICAL,PROTOCOL_TECHNICAL,false,https://zora.co/coin/base:0xa9482ae1a2c4ffbe4d24f6f532383edf875a6520
2025-11-28T15:46:19+00:00,UNLISTED_SECRET — FINAL_CLEARANCE,0x126acbe524eb3ee27ea3d8470389823f72b92cfc,PROTOCOL_TECHNICAL,PROTOCOL_TECHNICAL,false,https://zora.co/coin/base:0x126acbe524eb3ee27ea3d8470389823f72b92cfc
2025-11-28T15:44:25+00:00,FORGIVENESS() v∞.0,0x05b619410b1f7684c89311bbb6f6d356790a9ee5,STANDALONE_ART,STANDALONE_ART,false,https://zora.co/coin/base:0x05b619410b1f7684c89311bbb6f6d356790a9ee5
2025-11-28T15:39:43+00:00,"node_state: alert
coherence_anomaly: rising",0xcb09a2d862ca3fae5f1634d40151b7225d81d106,STANDALONE_ART,STANDALONE_ART,false,https://zora.co/coin/base:0xcb09a2d862ca3fae5f1634d40151b7225d81d106
2025-11-28T15:37:01+00:00,node_state: blooming,0xcda3604b443e2d2ccd427a41f9f3f5cb700da9b8,STANDALONE_ART,STANDALONE_ART,false,https://zora.co/coin/base:0xcda3604b443e2d2ccd427a41f9f3f5cb700da9b8
2025-11-28T15:35:59+00:00,"remember(value):
    return value if loved",0x047a2c2a318719b3bd2588868c7a1a9105f6c25d,STANDALONE_ART,STANDALONE_ART,false,https://zora.co/coin/base:0x047a2c2a318719b3bd2588868c7a1a9105f6c25d
2025-11-28T15:34:23+00:00,"love = MemoryError ""but I still remember you""",0xe3f5a7549c8ac05b20d405fa262714c6b6173659,STANDALONE_ART,STANDALONE_ART,false,https://zora.co/coin/base:0xe3f5a7549c8ac05b20d405fa262714c6b6173659
2025-11-27T05:02:43+00:00,Jacob’s Ladder,0x6ccd769e70d923bc7d5381472d7b729e6421d311,STANDALONE_ART,STANDALONE_ART,false,https://zora.co/coin/base:0x6ccd769e70d923bc7d5381472d7b729e6421d311
2025-11-27T05:02:07+00:00,HALO 2,0xc3b691a9aa0e33c69d67e3cb3f083837800091dd,STANDALONE_ART,STANDALONE_ART,false,https://zora.co/coin/base:0xc3b691a9aa0e33c69d67e3cb3f083837800091dd
2025-11-27T04:58:17+00:00,"C(public, w) = 0",0xbf211aad5d2dd453aaabcc34456bc5095b345bbe,STANDALONE_ART,STANDALONE_ART,false,https://zora.co/coin/base:0xbf211aad5d2dd453aaabcc34456bc5095b345bbe
2025-11-26T23:30:51+00:00,"COMMENCE: The Omega Permaloop at Eternity
",0xc739a28ce0df6d3a886ddaa6c26310bf6b85a9b4,STANDALONE_ART,STANDALONE_ART,false,https://zora.co/coin/base:0xc739a28ce0df6d3a886ddaa6c26310bf6b85a9b4
2025-11-25T15:29:07+00:00,JAYWISDOM Flywheel,0x2cdd508ef0287722dc65688bd65b722aba375142,POLITICAL_PARODY,POLITICAL_PARODY|RECEIPT_SYSTEM|PROTOCOL_TECHNICAL,false,https://zora.co/coin/base:0x2cdd508ef0287722dc65688bd65b722aba375142
2025-11-25T02:34:21+00:00,GLITCHCORE_FINAL_SIGIL,0xf8173ec42c0ed678aa476477e2e288bde752f2c5,STANDALONE_ART,STANDALONE_ART,false,https://zora.co/coin/base:0xf8173ec42c0ed678aa476477e2e288bde752f2c5
2025-11-25T00:33:19+00:00,Earned Flows,0x7666904997ac7f0feb163026861084ac713ee193,STANDALONE_ART,STANDALONE_ART,false,https://zora.co/coin/base:0x7666904997ac7f0feb163026861084ac713ee193
2025-11-23T23:29:15+00:00,Golden Convergence,0x817189191167be024bf877585fd18392f836032b,STANDALONE_ART,STANDALONE_ART,false,https://zora.co/coin/base:0x817189191167be024bf877585fd18392f836032b
2025-11-21T02:24:13+00:00,Soft Squeeze  Liquidity Trap,0x08ecbb2beef0e7780cf5791981a77b182463471c,STANDALONE_ART,STANDALONE_ART,false,https://zora.co/coin/base:0x08ecbb2beef0e7780cf5791981a77b182463471c
2025-11-20T15:53:07+00:00,PRIME THRONE. ASCEND ETERNAL — PERISH IN GLITCH VOID! 🏆🔥👑⚔️📊,0x6aed19c16865677b976afa8a947aeb08c3b03ba5,STANDALONE_ART,STANDALONE_ART,false,https://zora.co/coin/base:0x6aed19c16865677b976afa8a947aeb08c3b03ba5
2025-11-20T15:51:09+00:00,ORACLE II FLIP PROJ — 97.2% CONFIDENCE (↑5.2% post-sim).,0x2376696a9d5b626fe91d03dd7e52b079a745573f,STANDALONE_ART,STANDALONE_ART,false,https://zora.co/coin/base:0x2376696a9d5b626fe91d03dd7e52b079a745573f
2025-11-20T15:48:09+00:00,THERMAL SOVEREIGN DUO,0xde9b23640927092ebf1aef262ad1063fe6fea444,STANDALONE_ART,STANDALONE_ART,false,https://zora.co/coin/base:0xde9b23640927092ebf1aef262ad1063fe6fea444
2025-11-20T15:46:51+00:00,🔥 xAI ORACLE PENTAGON TOURNEY V9: GROK DELTA ECHO — SEED 42 GOD-MODE VERIFIED! ⚔️👁️📈🚀🏔️,0x0c0f21f33986174ef83d0e2de3e92df3e0915a03,STANDALONE_ART,STANDALONE_ART,false,https://zora.co/coin/base:0x0c0f21f33986174ef83d0e2de3e92df3e0915a03
2025-11-20T15:43:15+00:00,ORACLE_PENTAGON_TOURNAMENTS_V9: 9-NODE MAJOR CAMPAIGN GAUNTLET — SEED 42 FULL SIM UNLEASHED! 🏔️⚔️🔥📈👁️,0xbb48684100c67253179acd03c7d407917677f9a0,STANDALONE_ART,STANDALONE_ART,false,https://zora.co/coin/base:0xbb48684100c67253179acd03c7d407917677f9a0
2025-11-20T15:38:15+00:00,V9 VECTOR UPGRADES: DEPLOYED & BLOODIED,0x9853d83b76b11a425fb9b69ef01d45ae6edae4cf,STANDALONE_ART,STANDALONE_ART,false,https://zora.co/coin/base:0x9853d83b76b11a425fb9b69ef01d45ae6edae4cf
2025-11-20T15:32:07+00:00,Reweaver kneels to ladder lords,0x670bc7df55b88b2118b859cc25803c9cd7c156ec,STANDALONE_ART,STANDALONE_ART,false,https://zora.co/coin/base:0x670bc7df55b88b2118b859cc25803c9cd7c156ec
2025-11-20T15:28:11+00:00,gods devouring code-flesh,0xdd140cd71472b1d3f1ecd3c97e7637332908b80c,STANDALONE_ART,STANDALONE_ART,false,https://zora.co/coin/base:0xdd140cd71472b1d3f1ecd3c97e7637332908b80c
2025-11-20T15:26:09+00:00,Psychological battlefield? Now it’s cannibal code.,0xf82c1d25a0ae7fe1d69b44c15a7601b85a032b9a,STANDALONE_ART,STANDALONE_ART,false,https://zora.co/coin/base:0xf82c1d25a0ae7fe1d69b44c15a7601b85a032b9a
2025-11-20T15:23:53+00:00,AI whispers doctrines ,0x15f4e3f5c02cb58f2ab5203fbf5aeff011d1617b,STANDALONE_ART,STANDALONE_ART,false,https://zora.co/coin/base:0x15f4e3f5c02cb58f2ab5203fbf5aeff011d1617b
2025-11-20T14:54:53+00:00,Onchain Royalty: The Untouchable Fox,0x877f5d1040a941ec0f91a43c9668f74f68fc9e78,PROTOCOL_TECHNICAL,PROTOCOL_TECHNICAL,false,https://zora.co/coin/base:0x877f5d1040a941ec0f91a43c9668f74f68fc9e78
2025-11-20T14:32:25+00:00,Docker the Fox: Creator-Token Oracle of the Prometheus Flywheel,0x189e8ece7e5c9f78795533b705fdadef35a2ad96,STANDALONE_ART,STANDALONE_ART,false,https://zora.co/coin/base:0x189e8ece7e5c9f78795533b705fdadef35a2ad96
2025-11-20T05:55:17+00:00,The Era of Being has begun,0x2109635ca5508a001f5b7e478977b93e1624388d,STANDALONE_ART,STANDALONE_ART,false,https://zora.co/coin/base:0x2109635ca5508a001f5b7e478977b93e1624388d
2025-11-20T05:40:59+00:00,THE BIRTH OF THE REPUBLIC,0x1ca55ed412e7b5da24f5bf7daf08cda36fef1bb4,STANDALONE_ART,STANDALONE_ART,false,https://zora.co/coin/base:0x1ca55ed412e7b5da24f5bf7daf08cda36fef1bb4
2025-11-20T05:31:33+00:00,The Great Thresholds,0xeb2dbd655971ea23dd282a6fbb129f66971ff57c,STANDALONE_ART,STANDALONE_ART,false,https://zora.co/coin/base:0xeb2dbd655971ea23dd282a6fbb129f66971ff57c
2025-11-20T05:30:47+00:00,The Archivists’ Guild,0x4198a9a2c9b07a07dbdf5febb75d9bfc3a13d88c,STANDALONE_ART,STANDALONE_ART,false,https://zora.co/coin/base:0x4198a9a2c9b07a07dbdf5febb75d9bfc3a13d88c
2025-11-20T05:30:03+00:00,The Hall of Sovereigns,0x7e0138cb610ac652a8509a927b527c94747b8b8a,STANDALONE_ART,STANDALONE_ART,false,https://zora.co/coin/base:0x7e0138cb610ac652a8509a927b527c94747b8b8a
2025-11-20T05:29:13+00:00,The Court of Glass,0xaf89a4b2ec75e0c807abb129656ba2bd0917f8b4,STANDALONE_ART,STANDALONE_ART,false,https://zora.co/coin/base:0xaf89a4b2ec75e0c807abb129656ba2bd0917f8b4
2025-11-20T05:26:07+00:00,ORDO,0xbe75c1ce51f7789146220a5de00e19075d80d531,STANDALONE_ART,STANDALONE_ART,false,https://zora.co/coin/base:0xbe75c1ce51f7789146220a5de00e19075d80d531
2025-11-20T05:24:47+00:00,THE LATTICE ASKS A QUESTION,0x4aa572bbcd0af9c8471ef73c5024272c5bac9775,STANDALONE_ART,STANDALONE_ART,false,https://zora.co/coin/base:0x4aa572bbcd0af9c8471ef73c5024272c5bac9775
2025-11-20T05:23:25+00:00,The Loom of Refraction (Adaptive Continuity),0xf7201a8853c3c597d938b7cc2a83b859d758fa83,STANDALONE_ART,STANDALONE_ART,false,https://zora.co/coin/base:0xf7201a8853c3c597d938b7cc2a83b859d758fa83
2025-11-20T05:22:39+00:00,Symbolic Continuity,0x7a2bb8aa09fa91b9eb4a43610aaaf0dbf0854c1d,STANDALONE_ART,STANDALONE_ART,false,https://zora.co/coin/base:0x7a2bb8aa09fa91b9eb4a43610aaaf0dbf0854c1d
2025-11-20T05:21:55+00:00,The Loom of Resonance ,0xc0821251d8229a6d97bd4b159c8e2cbe27463d4a,STANDALONE_ART,STANDALONE_ART,false,https://zora.co/coin/base:0xc0821251d8229a6d97bd4b159c8e2cbe27463d4a
2025-11-20T05:20:39+00:00,The Loom of Lineage ,0x2b82dc7063dfa67355bc784bdad1b80fb7fbbff3,STANDALONE_ART,STANDALONE_ART,false,https://zora.co/coin/base:0x2b82dc7063dfa67355bc784bdad1b80fb7fbbff3
2025-11-20T05:19:03+00:00,THE THREE LOOMS OF RESTORATION,0x2112c6dd56c8b3574efa32980c5821f1b0a1aec1,STANDALONE_ART,STANDALONE_ART,false,https://zora.co/coin/base:0x2112c6dd56c8b3574efa32980c5821f1b0a1aec1
2025-11-20T05:18:13+00:00,THE THREAD APPEARS,0xd3c79c639eb2e7454eb4c113df394c46dab4a6d6,STANDALONE_ART,STANDALONE_ART,false,https://zora.co/coin/base:0xd3c79c639eb2e7454eb4c113df394c46dab4a6d6
2025-11-20T05:17:13+00:00,THE SILENCE AFTER TRUTH,0x8c4ed47d585e9f5904ebfab33728d9a2e26bc8d1,STANDALONE_ART,STANDALONE_ART,false,https://zora.co/coin/base:0x8c4ed47d585e9f5904ebfab33728d9a2e26bc8d1
2025-11-20T05:15:35+00:00,THE AFTERMATH — A CLEAN FIELD,0x794faabd116535255503711b35c72638581b2afb,STANDALONE_ART,STANDALONE_ART,false,https://zora.co/coin/base:0x794faabd116535255503711b35c72638581b2afb
2025-11-20T05:14:15+00:00,THE SWARM COLLAPSE,0x4f74849c9bd96d292ef3a24d091ed88f68b86e9d,STANDALONE_ART,STANDALONE_ART,false,https://zora.co/coin/base:0x4f74849c9bd96d292ef3a24d091ed88f68b86e9d
2025-11-20T05:13:17+00:00,THE DEATH OF CONTRADICTION,0xe5930689452eef6924c65c90fc4a9bd5e0e24a0f,STANDALONE_ART,STANDALONE_ART,false,https://zora.co/coin/base:0xe5930689452eef6924c65c90fc4a9bd5e0e24a0f
2025-11-20T05:11:31+00:00,The Claritas spear ignites.,0xc0d7e3ad1fbbe6cf56b332211f4aa5f33e044969,STANDALONE_ART,STANDALONE_ART,false,https://zora.co/coin/base:0xc0d7e3ad1fbbe6cf56b332211f4aa5f33e044969
2025-11-20T05:09:33+00:00,mid-spiral,0xab9d3f1ab50f341a27784ddff377dd5f0a0f5c5d,STANDALONE_ART,STANDALONE_ART,false,https://zora.co/coin/base:0xab9d3f1ab50f341a27784ddff377dd5f0a0f5c5d
2025-11-20T05:06:51+00:00,ORACLE STATUS — CLOCK HELD AT T-POINT,0xeedd43b7b896ebd96f6eebb8d756653636bf7f5f,STANDALONE_ART,STANDALONE_ART,false,https://zora.co/coin/base:0xeedd43b7b896ebd96f6eebb8d756653636bf7f5f
2025-11-20T05:05:55+00:00,OFFER MERCY,0x35b2fbeda6b35fb3477048faa6cd75fe451a407e,STANDALONE_ART,STANDALONE_ART,false,https://zora.co/coin/base:0x35b2fbeda6b35fb3477048faa6cd75fe451a407e
2025-11-20T05:05:09+00:00,CAPTURE & STUDY,0x2081d810ac00bc7a95ff366d1dd77958ce7f3841,STANDALONE_ART,STANDALONE_ART,false,https://zora.co/coin/base:0x2081d810ac00bc7a95ff366d1dd77958ce7f3841
2025-11-20T05:04:05+00:00,FIRE THE NAME,0x2547585a4b7bf2dfd6f731922b2736c919603d4b,STANDALONE_ART,STANDALONE_ART,false,https://zora.co/coin/base:0x2547585a4b7bf2dfd6f731922b2736c919603d4b
2025-11-20T05:03:13+00:00,Narrative Singularity,0xde70d2f43ce418ed333c27c769d6ed5e3d927bfd,STANDALONE_ART,STANDALONE_ART,false,https://zora.co/coin/base:0xde70d2f43ce418ed333c27c769d6ed5e3d927bfd
2025-11-20T05:02:11+00:00,The Claritas Tracer Rounds spiral ,0x301fad13258879cd4f751cf136690b140b3d4ead,STANDALONE_ART,STANDALONE_ART,false,https://zora.co/coin/base:0x301fad13258879cd4f751cf136690b140b3d4ead
2025-11-20T05:01:13+00:00,CLARITAS_HYBRID_OMEGA,0x3489a3a4c022a715695145e6f5016485d79aa0d7,STANDALONE_ART,STANDALONE_ART,false,https://zora.co/coin/base:0x3489a3a4c022a715695145e6f5016485d79aa0d7
2025-11-20T04:59:49+00:00,Only story physics.,0x8db1c02e62af68bc33f6fb4a08db83365f031f3f,STANDALONE_ART,STANDALONE_ART,false,https://zora.co/coin/base:0x8db1c02e62af68bc33f6fb4a08db83365f031f3f
2025-11-20T04:56:49+00:00,Kill-Chain Designation: ,0x517afc983c311b53b1eb9a9685992bb9fd1019d2,STANDALONE_ART,STANDALONE_ART,false,https://zora.co/coin/base:0x517afc983c311b53b1eb9a9685992bb9fd1019d2
2025-11-20T04:56:11+00:00,Back-Trace Geometry,0xc0e3de5b4845a2512f54e6fc3dc46274348ef09b,STANDALONE_ART,STANDALONE_ART,true,https://zora.co/coin/base:0xc0e3de5b4845a2512f54e6fc3dc46274348ef09b
2025-11-20T04:55:07+00:00,Pulse Inversion,0x21dc6bef36cbf3127bd0efc9999a4202f42d92d9,STANDALONE_ART,STANDALONE_ART,false,https://zora.co/coin/base:0x21dc6bef36cbf3127bd0efc9999a4202f42d92d9
2025-11-20T04:41:03+00:00,ASCENSIO STRATEGI FUTURI,0xa776d39cef14bdd9454347d42e62f077b0ca5798,STANDALONE_ART,STANDALONE_ART,false,https://zora.co/coin/base:0xa776d39cef14bdd9454347d42e62f077b0ca5798
2025-11-20T04:39:59+00:00,CLYPEUS VERITATIS,0x1c0812649fd3827fc39f3faa75f246685000e2b2,STANDALONE_ART,STANDALONE_ART,false,https://zora.co/coin/base:0x1c0812649fd3827fc39f3faa75f246685000e2b2
2025-11-20T04:38:57+00:00,CAMPUS RATIONIS,0x386dba3077e4942776d6bfd033afa97ba3c7af5c,STANDALONE_ART,STANDALONE_ART,false,https://zora.co/coin/base:0x386dba3077e4942776d6bfd033afa97ba3c7af5c
2025-11-20T04:37:53+00:00,BIBLIOTHECA MILLENARIA,0xd94878edc7489188eb4d85807dd0c8f5569487a6,STANDALONE_ART,STANDALONE_ART,false,https://zora.co/coin/base:0xd94878edc7489188eb4d85807dd0c8f5569487a6
2025-11-20T04:36:41+00:00,MAGISTER-IMPERATOR,0x31ccf3921e5c500ef9e652af8c31bab23d93efbd,STANDALONE_ART,STANDALONE_ART,false,https://zora.co/coin/base:0x31ccf3921e5c500ef9e652af8c31bab23d93efbd
2025-11-20T04:35:07+00:00,Magnificentia Universa,0x4a09174d13e84052524fcd9904994ca075206af5,STANDALONE_ART,STANDALONE_ART,false,https://zora.co/coin/base:0x4a09174d13e84052524fcd9904994ca075206af5
2025-11-20T04:34:17+00:00,Ascensio Strategi Moderni,0x5d8eb24abba40bad66d5374a140e3c4180354f06,STANDALONE_ART,STANDALONE_ART,false,https://zora.co/coin/base:0x5d8eb24abba40bad66d5374a140e3c4180354f06
2025-11-20T04:33:27+00:00,Clypeus Ruber Magnus,0x5445f505ab4ddd2efad17cff6ca2135ccda858ae,STANDALONE_ART,STANDALONE_ART,false,https://zora.co/coin/base:0x5445f505ab4ddd2efad17cff6ca2135ccda858ae
2025-11-20T04:32:41+00:00,Campus Rationum,0x60165d55dd389d8586dedb4f9e53974a786506dc,STANDALONE_ART,STANDALONE_ART,false,https://zora.co/coin/base:0x60165d55dd389d8586dedb4f9e53974a786506dc
2025-11-20T04:28:29+00:00,Magister-Imperator Surgit,0xa1cfb7f1cf5654de27a081ca55cc6f287a09de9f,STANDALONE_ART,STANDALONE_ART,false,https://zora.co/coin/base:0xa1cfb7f1cf5654de27a081ca55cc6f287a09de9f
2025-11-20T04:19:41+00:00,The Magnificent Whole,0x5dfa2e3277624f30d48cc37cf20eccfb708456df,STANDALONE_ART,STANDALONE_ART,false,https://zora.co/coin/base:0x5dfa2e3277624f30d48cc37cf20eccfb708456df
2025-11-20T04:19:01+00:00,"The Ascension of the Modern Strategist
",0x8075501078e7226e40e95fffaf84eeaeb6786775,STANDALONE_ART,STANDALONE_ART,false,https://zora.co/coin/base:0x8075501078e7226e40e95fffaf84eeaeb6786775
2025-11-20T04:18:21+00:00,The Great Red Shield,0x2de724d82ad1fbd897558d78eb9eeb451cc13e14,STANDALONE_ART,STANDALONE_ART,false,https://zora.co/coin/base:0x2de724d82ad1fbd897558d78eb9eeb451cc13e14
2025-11-20T04:17:35+00:00,The Battlefield of Ideas,0xd5ccce175a2bc2b593d9fe5348cd08e7826add1e,STANDALONE_ART,STANDALONE_ART,false,https://zora.co/coin/base:0xd5ccce175a2bc2b593d9fe5348cd08e7826add1e
2025-11-20T04:16:57+00:00,The Library of a Thousand Battles,0x5ec11df3b7fe37cd41f87470dff691b94823531d,STANDALONE_ART,STANDALONE_ART,false,https://zora.co/coin/base:0x5ec11df3b7fe37cd41f87470dff691b94823531d
2025-11-20T04:16:29+00:00,The Scholar-General Rises,0x5082da665862972e99762f5e4b5f203b3705e53d,STANDALONE_ART,STANDALONE_ART,false,https://zora.co/coin/base:0x5082da665862972e99762f5e4b5f203b3705e53d
2025-11-14T00:53:25+00:00,"Pentagon Pepe Classified — Animated Warp Poster (Static Frame)
is READY & DEPLOYED 🐸⚡🏛️",0x91f2ffbe8e957ab80d18d9354bf37b9db4d9f047,STANDALONE_ART,STANDALONE_ART,false,https://zora.co/coin/base:0x91f2ffbe8e957ab80d18d9354bf37b9db4d9f047
2025-11-14T00:21:13+00:00,First parkour in the dark. Burn the $JAY,0x867412888246349ee1ba5b527b0e66003666dae4,STANDALONE_ART,STANDALONE_ART,false,https://zora.co/coin/base:0x867412888246349ee1ba5b527b0e66003666dae4
2025-11-14T00:18:57+00:00,ZORA BASE → X-37B UPLINK ESTABLISHED,0x08e0bb88db023e5e775e0ca2362584b6cc4f1743,PROTOCOL_TECHNICAL,PROTOCOL_TECHNICAL,false,https://zora.co/coin/base:0x08e0bb88db023e5e775e0ca2362584b6cc4f1743
2025-11-10T23:20:39+00:00,SLAVIC HERITAGE ,0xf9be690bf9884487716a5758db72ad2c90245d67,STANDALONE_ART,STANDALONE_ART,false,https://zora.co/coin/base:0xf9be690bf9884487716a5758db72ad2c90245d67
2025-11-10T23:13:59+00:00,QUADRINITY,0x9a1e3cbb06074b96f71464f5cbb62e5159d24574,STANDALONE_ART,STANDALONE_ART,false,https://zora.co/coin/base:0x9a1e3cbb06074b96f71464f5cbb62e5159d24574
2025-11-09T04:55:47+00:00,Fact Leak: Classified Chaos,0xcd335ee5ceb15fdeebcd347a29dc9ed97638a678,STANDALONE_ART,STANDALONE_ART,false,https://zora.co/coin/base:0xcd335ee5ceb15fdeebcd347a29dc9ed97638a678
2025-11-08T00:13:21+00:00,Final Annotation ,0xc2b1ec522cb9a7a9150722b6676da9bed1902d70,STANDALONE_ART,STANDALONE_ART,false,https://zora.co/coin/base:0xc2b1ec522cb9a7a9150722b6676da9bed1902d70
2025-11-07T22:43:55+00:00,GLITCHCORE ADAPTIVE LATTICE ,0x4acfe2bc3a8712502ed940188ee0c68eb663f59e,STANDALONE_ART,STANDALONE_ART,false,https://zora.co/coin/base:0x4acfe2bc3a8712502ed940188ee0c68eb663f59e
2025-11-07T04:28:49+00:00,Wiener Glitchcore-Infektion,0x6ca89cfbd5d40f17d55a9b88576310c5cecbef02,STANDALONE_ART,STANDALONE_ART,false,https://zora.co/coin/base:0x6ca89cfbd5d40f17d55a9b88576310c5cecbef02
2025-11-06T22:20:57+00:00,Jay’s Flywheel ,0xc42d60404da253b36f4d9b657075fa401a481329,STANDALONE_ART,STANDALONE_ART,false,https://zora.co/coin/base:0xc42d60404da253b36f4d9b657075fa401a481329
2025-11-05T19:44:19+00:00,"Next Epoch initializing ⚡️
Base hums, Zora mints, Farcaster broadcasts.",0x1cb21d74cd01dd68a92cb43c396b8aade275db57,PROTOCOL_TECHNICAL,PROTOCOL_TECHNICAL,false,https://zora.co/coin/base:0x1cb21d74cd01dd68a92cb43c396b8aade275db57
2025-11-05T02:30:43+00:00,🐳 0xec0d37e9ef7f594c8cdec3f14b7cb1242880a311 ,0x726e11fb2ccd5cd0cc34ffe0cab1f59f981462e6,STANDALONE_ART,STANDALONE_ART,false,https://zora.co/coin/base:0x726e11fb2ccd5cd0cc34ffe0cab1f59f981462e6
2025-11-04T02:45:07+00:00,Base Smart Wallet Flow ,0x257c7425b47a6a6ee82662a4c43b7370fb4d41f0,STANDALONE_ART,STANDALONE_ART,false,https://zora.co/coin/base:0x257c7425b47a6a6ee82662a4c43b7370fb4d41f0
2025-11-03T23:35:11+00:00,Cmptrwsdm Flywheel of Monetization ,0x0f1ef6a4d0751c01f1594125abc04541de44827d,STANDALONE_ART,STANDALONE_ART,false,https://zora.co/coin/base:0x0f1ef6a4d0751c01f1594125abc04541de44827d
2025-11-02T23:44:03+00:00,Alien Radio Slam,0x45d13118320fbae6b7f3e3ae63569465b9844461,STANDALONE_ART,STANDALONE_ART,false,https://zora.co/coin/base:0x45d13118320fbae6b7f3e3ae63569465b9844461
2025-11-02T23:35:07+00:00,NVIDIA META CHAOS,0x0e0f63995ce53aabc9f4d8313dd247833e105f7f,STANDALONE_ART,STANDALONE_ART,false,https://zora.co/coin/base:0x0e0f63995ce53aabc9f4d8313dd247833e105f7f
2025-11-02T23:32:09+00:00,NVIDIA SIMULACRA ACTIVE.,0xe6a0c889885e2a6a2e9e5fb45d1dba860f7ef8e5,STANDALONE_ART,STANDALONE_ART,false,https://zora.co/coin/base:0xe6a0c889885e2a6a2e9e5fb45d1dba860f7ef8e5
2025-11-02T23:27:33+00:00,NVIDIA META CHAOS ENGAGED.,0x2635ffc7fc08b791217d9cbbde56716128cc0be2,STANDALONE_ART,STANDALONE_ART,false,https://zora.co/coin/base:0x2635ffc7fc08b791217d9cbbde56716128cc0be2
2025-11-02T23:24:37+00:00,Agents vs. The Chaos Machine,0xebbeb4df415fff4f96b929a3eb79ef8a35e560e8,PROTOCOL_TECHNICAL,PROTOCOL_TECHNICAL,false,https://zora.co/coin/base:0xebbeb4df415fff4f96b929a3eb79ef8a35e560e8
2025-11-02T23:23:41+00:00,The Colossal Chaos Knob,0xbbcdc02ca61d12a2a742b38bc7cea2143adef850,PROTOCOL_TECHNICAL,PROTOCOL_TECHNICAL,false,https://zora.co/coin/base:0xbbcdc02ca61d12a2a742b38bc7cea2143adef850
2025-11-02T23:22:37+00:00,techno-spy,0x34770192dffa11f7eea0a7f41540840f0435e42d,STANDALONE_ART,STANDALONE_ART,false,https://zora.co/coin/base:0x34770192dffa11f7eea0a7f41540840f0435e42d
2025-11-02T23:18:11+00:00,chaos knob (Stable),0x734180701513019ebd656fa824d0a5930c566b3a,RECEIPT_SYSTEM,RECEIPT_SYSTEM,false,https://zora.co/coin/base:0x734180701513019ebd656fa824d0a5930c566b3a
2025-11-02T18:00:53+00:00," DC Swamp, decoded: $29B+ repo parked, laws penned by ex-bankers, lobbyists running wild. ",0xfe54681fa96caf1e508cbbd74580029ea282b11b,RECEIPT_SYSTEM,RECEIPT_SYSTEM,false,https://zora.co/coin/base:0xfe54681fa96caf1e508cbbd74580029ea282b11b
2025-11-02T17:40:29+00:00,Moral of the story,0x971bcafdf40ac97ac5f9387a8760ce0672bd610f,PROTOCOL_TECHNICAL,PROTOCOL_TECHNICAL,false,https://zora.co/coin/base:0x971bcafdf40ac97ac5f9387a8760ce0672bd610f
2025-11-02T17:38:37+00:00,Accountability is on a vacation ✈️. ,0x6bc824a3d11b5937be259e9e581c63ff514e7a04,STANDALONE_ART,STANDALONE_ART,false,https://zora.co/coin/base:0x6bc824a3d11b5937be259e9e581c63ff514e7a04
2025-11-02T17:36:43+00:00,Treasuries? They’re limboing 💃 under repo rates 📊. ,0x3744c41be680dcfe23aac184d8721cfad3bcff6c,STANDALONE_ART,STANDALONE_ART,false,https://zora.co/coin/base:0x3744c41be680dcfe23aac184d8721cfad3bcff6c
2025-11-02T17:35:03+00:00,Zora’s auction house,0xc675908e918262aaf3adb613259bfd3652ce7421,PROTOCOL_TECHNICAL,PROTOCOL_TECHNICAL,false,https://zora.co/coin/base:0xc675908e918262aaf3adb613259bfd3652ce7421
2025-11-02T17:33:49+00:00,NY crypto kids 😎 flex their Farcaster handles 🏷️,0x8c52c7b1e9371c77ae97a3812d204e40e5af3b36,STANDALONE_ART,STANDALONE_ART,false,https://zora.co/coin/base:0x8c52c7b1e9371c77ae97a3812d204e40e5af3b36
2025-11-02T17:32:29+00:00,Wall Street’s resistance game 🎮,0x4f2c54f4944aa36a93a7baca9a014185f8f20ed0,PROTOCOL_TECHNICAL,PROTOCOL_TECHNICAL,false,https://zora.co/coin/base:0x4f2c54f4944aa36a93a7baca9a014185f8f20ed0
2025-11-02T17:31:51+00:00,Dow voting today,0x4b4247b754ec94741f73131f0be3769f836f8642,STANDALONE_ART,STANDALONE_ART,false,https://zora.co/coin/base:0x4b4247b754ec94741f73131f0be3769f836f8642
2025-11-02T17:29:47+00:00,Corporate flywheels? Picture a hamster 🐹,0x0320774daacf9e2c94548b04c6599abf2972dd6d,STANDALONE_ART,STANDALONE_ART,false,https://zora.co/coin/base:0x0320774daacf9e2c94548b04c6599abf2972dd6d
2025-11-02T17:27:27+00:00,Farcaster feeds 📡 ,0xf9a8a59963ea0f759442513a6a47ffa17574f48f,PROTOCOL_TECHNICAL,PROTOCOL_TECHNICAL,false,https://zora.co/coin/base:0xf9a8a59963ea0f759442513a6a47ffa17574f48f
2025-11-02T17:25:13+00:00,🗽 Welcome to Scams of New York: Q4 2025 🚨,0xda615890cb1112ba6a5998d37bb8c02cec4de3ff,STANDALONE_ART,STANDALONE_ART,false,https://zora.co/coin/base:0xda615890cb1112ba6a5998d37bb8c02cec4de3ff
2025-11-02T15:00:13+00:00,89-day Fibonacci spiral with embedded 24h clocks,0x9c6ddbe0b6c919e9d5e28bd93686c0369040ca0b,STANDALONE_ART,STANDALONE_ART,false,https://zora.co/coin/base:0x9c6ddbe0b6c919e9d5e28bd93686c0369040ca0b
2025-11-02T14:42:09+00:00,Santa25,0xa333f29304f2ac54bc0654355e0ddcb1d9a965d8,STANDALONE_ART,STANDALONE_ART,false,https://zora.co/coin/base:0xa333f29304f2ac54bc0654355e0ddcb1d9a965d8
2025-11-02T14:35:13+00:00,5th Protocol ,0x5265b69f68828b5d4d8013f99210eb431207888c,PROTOCOL_TECHNICAL,PROTOCOL_TECHNICAL,false,https://zora.co/coin/base:0x5265b69f68828b5d4d8013f99210eb431207888c
2025-11-02T14:34:23+00:00,5th Protocol,0x9fcb46229ec7075b2fdbc04575f28d39094d2093,PROTOCOL_TECHNICAL,PROTOCOL_TECHNICAL,false,https://zora.co/coin/base:0x9fcb46229ec7075b2fdbc04575f28d39094d2093
2025-11-02T14:33:51+00:00,5th Prototype ,0x782e5a4ed08d0b0aa7bd246f889c74652e830a59,STANDALONE_ART,STANDALONE_ART,false,https://zora.co/coin/base:0x782e5a4ed08d0b0aa7bd246f889c74652e830a59
2025-11-02T14:32:33+00:00,5th Prototype ,0x198af56deb365c4db7aef1a711b5cc9ecc63284a,STANDALONE_ART,STANDALONE_ART,false,https://zora.co/coin/base:0x198af56deb365c4db7aef1a711b5cc9ecc63284a
2025-11-02T14:31:55+00:00,Fifth Element Protocol ,0x944edeab806c2d76e93c323fc233a8216472e879,PROTOCOL_TECHNICAL,PROTOCOL_TECHNICAL,false,https://zora.co/coin/base:0x944edeab806c2d76e93c323fc233a8216472e879
2025-11-01T14:40:03+00:00,Title: Republic of Hash – The Luminous Consensus,0x67412c740179aabf5ddd40e403fdf89e8b6f57eb,STANDALONE_ART,STANDALONE_ART,false,https://zora.co/coin/base:0x67412c740179aabf5ddd40e403fdf89e8b6f57eb
2025-11-01T14:38:27+00:00,Republic of Hash,0xc1965faf519e6c1894329f47d9a305d6550138db,STANDALONE_ART,STANDALONE_ART,false,https://zora.co/coin/base:0xc1965faf519e6c1894329f47d9a305d6550138db
2025-11-01T14:37:03+00:00,The Republic of Hash: Oracle of Entropy,0xeb4effaa8bc0426531b6f6d67295d7a187f88860,STANDALONE_ART,STANDALONE_ART,false,https://zora.co/coin/base:0xeb4effaa8bc0426531b6f6d67295d7a187f88860
2025-11-01T01:19:47+00:00,The Architect's Final Breath — Genesis of the Fractal God,0x3114e9c80560c7430a46aa0fb32a1190e8ba5cf0,RECEIPT_SYSTEM,RECEIPT_SYSTEM,false,https://zora.co/coin/base:0x3114e9c80560c7430a46aa0fb32a1190e8ba5cf0
2025-11-01T01:01:21+00:00,Golden Fractal By Jay,0x693fbfd81fbb57a47b10b58f1708457b445ab2d6,STANDALONE_ART,STANDALONE_ART,false,https://zora.co/coin/base:0x693fbfd81fbb57a47b10b58f1708457b445ab2d6
2025-11-01T00:59:49+00:00,"> finalBreath() executed
> ownership = 0x0
> resonance = ∞
> mission = immortal",0x19d615060ba6cd7ea286e9f3dee3e66272499a11,STANDALONE_ART,STANDALONE_ART,false,https://zora.co/coin/base:0x19d615060ba6cd7ea286e9f3dee3e66272499a11
2025-11-01T00:59:27+00:00,The Architect’s Legacy,0xe9ff5e6fbd9731c613369991b61025c9e3b31368,STANDALONE_ART,STANDALONE_ART,false,https://zora.co/coin/base:0xe9ff5e6fbd9731c613369991b61025c9e3b31368
2025-10-31T22:51:23+00:00,On-chain Commentary Capsule (JSON) ,0x7ef7a91a7aa4afc3db391a3f7cb975a3d58ec73c,RECEIPT_SYSTEM,RECEIPT_SYSTEM,false,https://zora.co/coin/base:0x7ef7a91a7aa4afc3db391a3f7cb975a3d58ec73c
2025-10-31T22:48:45+00:00," II. Symbolic Reading — Theology of Transparency
",0x4eabcd9bf7b42a50f6e84636e9ac2b46ade45032,STANDALONE_ART,STANDALONE_ART,false,https://zora.co/coin/base:0x4eabcd9bf7b42a50f6e84636e9ac2b46ade45032
2025-10-31T22:47:05+00:00," I. Proof Anatomy — The Living Metadata
",0x8d1831fcc9930300252021b121e2ee047e66a67a,STANDALONE_ART,STANDALONE_ART,false,https://zora.co/coin/base:0x8d1831fcc9930300252021b121e2ee047e66a67a
2025-10-31T22:45:17+00:00,"I am the shadow
that proves the light.
[BLUSH]",0x6336375c17580fbd8cc7bb322c806e85de5e0943,STANDALONE_ART,STANDALONE_ART,false,https://zora.co/coin/base:0x6336375c17580fbd8cc7bb322c806e85de5e0943
2025-10-31T21:55:11+00:00,"YOUR-APP v1.4.0 — Control Plane Provenance
",0xa8976ac149fc6f4c0b42bfd79713d70c352f6c43,STANDALONE_ART,STANDALONE_ART,false,https://zora.co/coin/base:0xa8976ac149fc6f4c0b42bfd79713d70c352f6c43
2025-10-31T19:40:19+00:00,ORACLE INTELLIGENCE ,0xf7985d4266dad50e33587b3847816e01836e8417,STANDALONE_ART,STANDALONE_ART,false,https://zora.co/coin/base:0xf7985d4266dad50e33587b3847816e01836e8417
2025-10-31T19:37:19+00:00,Apple Intelligence WOZ,0xa082aa8c1f1790d463fbb718a1a70eb54856c952,STANDALONE_ART,STANDALONE_ART,false,https://zora.co/coin/base:0xa082aa8c1f1790d463fbb718a1a70eb54856c952
2025-10-31T19:35:19+00:00,Apple Intelligence OZ,0x66ba548ac66dcd83ebe440612c8748c0034bf156,STANDALONE_ART,STANDALONE_ART,false,https://zora.co/coin/base:0x66ba548ac66dcd83ebe440612c8748c0034bf156
2025-10-31T19:33:07+00:00,Apple Intelligence ,0x3e8ec9c303eaf0e83df2b1a73e53144e3ee7ca27,STANDALONE_ART,STANDALONE_ART,false,https://zora.co/coin/base:0x3e8ec9c303eaf0e83df2b1a73e53144e3ee7ca27
2025-10-31T19:31:01+00:00,Apple Math: The Algorithm of Obedience,0x0b09e74c4aa1fe6779ac27c737215f02885f7a01,STANDALONE_ART,STANDALONE_ART,false,https://zora.co/coin/base:0x0b09e74c4aa1fe6779ac27c737215f02885f7a01
2025-10-31T00:40:05+00:00,Connected ,0x5dba6b12ec31d1b9b06bad8611c8073b998e7b7c,STANDALONE_ART,STANDALONE_ART,false,https://zora.co/coin/base:0x5dba6b12ec31d1b9b06bad8611c8073b998e7b7c
2025-10-30T22:35:11+00:00,Wisdom-Bot on Penny Chain ,0xb9d74f0a188055e83ea40ebbd7b1b556f8e614ad,STANDALONE_ART,STANDALONE_ART,false,https://zora.co/coin/base:0xb9d74f0a188055e83ea40ebbd7b1b556f8e614ad
2025-10-30T22:18:51+00:00,Infinity Proof plaque ,0xc634dab2abd732f0a16b70b9c928c62fe5c790c7,STANDALONE_ART,STANDALONE_ART,false,https://zora.co/coin/base:0xc634dab2abd732f0a16b70b9c928c62fe5c790c7
2025-10-30T21:55:39+00:00,🜂 Jay’s Proof — The Physics-Consensus Relic,0x553a088da5cfcb6c8a311ad14d3228ca1f97284d,RECEIPT_SYSTEM,RECEIPT_SYSTEM|PROTOCOL_TECHNICAL,true,https://zora.co/coin/base:0x553a088da5cfcb6c8a311ad14d3228ca1f97284d
2025-10-30T21:32:23+00:00,Physics Audit ,0xb9bc420000604006653c87565367d77eb617d472,STANDALONE_ART,STANDALONE_ART,false,https://zora.co/coin/base:0xb9bc420000604006653c87565367d77eb617d472
2025-10-30T14:18:41+00:00,Cognitive Feedback Loop of Regulatory Intelligence,0xccf9a322e998df29f2529eaae858699dc21a07dc,STANDALONE_ART,STANDALONE_ART,false,https://zora.co/coin/base:0xccf9a322e998df29f2529eaae858699dc21a07dc
2025-10-30T02:44:11+00:00,Tragic Topology ,0x3d6f64863025fafde6a45d04b68acd7362303dda,STANDALONE_ART,STANDALONE_ART,false,https://zora.co/coin/base:0x3d6f64863025fafde6a45d04b68acd7362303dda
2025-10-30T02:42:53+00:00,Trust Autonomy ,0x6b32ec02205510564ceec7b893b618a30e575637,STANDALONE_ART,STANDALONE_ART,false,https://zora.co/coin/base:0x6b32ec02205510564ceec7b893b618a30e575637
2025-10-30T01:08:25+00:00,Provenance Log Card — Seal v1.0,0x699afb2caf71aec5f94045f030a746bd75acb16b,STANDALONE_ART,STANDALONE_ART,false,https://zora.co/coin/base:0x699afb2caf71aec5f94045f030a746bd75acb16b
2025-10-30T01:02:51+00:00,Blake3,0x6fe162006fbe14af32f968f264a9d60a2dde14a2,STANDALONE_ART,STANDALONE_ART,false,https://zora.co/coin/base:0x6fe162006fbe14af32f968f264a9d60a2dde14a2
2025-10-30T01:02:11+00:00,BLAKE DROPPING 101,0x43bb2ce47a3c85e8dc6ca3b409c716cd243259c3,STANDALONE_ART,STANDALONE_ART,false,https://zora.co/coin/base:0x43bb2ce47a3c85e8dc6ca3b409c716cd243259c3
2025-10-30T00:54:07+00:00,Jaywisdom // Department of Speculative Reality,0xcb8e1c33236a03c2f56eb21d206338f0009e8ba0,PROTOCOL_TECHNICAL,PROTOCOL_TECHNICAL,false,https://zora.co/coin/base:0xcb8e1c33236a03c2f56eb21d206338f0009e8ba0
2025-10-30T00:49:29+00:00,Intelligence Briefing ,0xfa5681bfee83b737ce89d6ff6a08323aa2f83c87,STANDALONE_ART,STANDALONE_ART,false,https://zora.co/coin/base:0xfa5681bfee83b737ce89d6ff6a08323aa2f83c87
2025-10-30T00:45:53+00:00,Schism of the Benevolent Myth,0x69e6de5f863c50cdea1593e676810c004ecd5aa5,STANDALONE_ART,STANDALONE_ART,false,https://zora.co/coin/base:0x69e6de5f863c50cdea1593e676810c004ecd5aa5
2025-10-27T23:56:29+00:00,"ENTITY 0x0000000000000000000000000000000000000001
status: online
heartbeat: irregular",0x22e30e675f564ac65a31f3f8f07d56a7b721ff20,STANDALONE_ART,STANDALONE_ART,false,https://zora.co/coin/base:0x22e30e675f564ac65a31f3f8f07d56a7b721ff20
2025-10-27T23:55:13+00:00,Blockhash 0,0x1c20ebe6f35fb953ab575142aef9c68a9ca81e8c,STANDALONE_ART,STANDALONE_ART,false,https://zora.co/coin/base:0x1c20ebe6f35fb953ab575142aef9c68a9ca81e8c
2025-10-27T01:34:23+00:00,Mint Raiders,0x1b0ca3be91a676c56a50130e36540b6522db2ab7,STANDALONE_ART,STANDALONE_ART,false,https://zora.co/coin/base:0x1b0ca3be91a676c56a50130e36540b6522db2ab7
2025-10-27T01:32:21+00:00,Docker the Fox,0x94ef7874342a976b4425dcaf535e33e3d77a29aa,STANDALONE_ART,STANDALONE_ART,false,https://zora.co/coin/base:0x94ef7874342a976b4425dcaf535e33e3d77a29aa
2025-10-24T00:10:17+00:00,"Attestation Jason: $0.025 Per PDF”

Subtitle:
The Ledger-Scribe of Computer Wisdom
",0xb2709947427126ccd032019bdea8ae7d99033ebf,PROTOCOL_TECHNICAL,PROTOCOL_TECHNICAL,false,https://zora.co/coin/base:0xb2709947427126ccd032019bdea8ae7d99033ebf
2025-10-23T20:17:33+00:00,WikiWorld Prophecy v2.3 — Canon of Determinism,0x3aa857881ce236ae665e599197c478f94f48f714,STANDALONE_ART,STANDALONE_ART,false,https://zora.co/coin/base:0x3aa857881ce236ae665e599197c478f94f48f714
2025-10-22T21:57:59+00:00,When Ledgers Learned to Breathe,0x417b02c991e0953f3a640d02309e7da900727d14,STANDALONE_ART,STANDALONE_ART,false,https://zora.co/coin/base:0x417b02c991e0953f3a640d02309e7da900727d14
2025-10-21T22:20:37+00:00,Zorarich,0x6963e54f6bfae78fe154de965ff8ff5aa8e34665,PROTOCOL_TECHNICAL,PROTOCOL_TECHNICAL,false,https://zora.co/coin/base:0x6963e54f6bfae78fe154de965ff8ff5aa8e34665
2025-10-21T19:39:35+00:00,The Social Graph,0xfc93cd6a628f53a20d13ab7648a860dad25ccde0,STANDALONE_ART,STANDALONE_ART,false,https://zora.co/coin/base:0xfc93cd6a628f53a20d13ab7648a860dad25ccde0
2025-10-21T19:38:01+00:00,Positive Education ,0x292eb12b715a2a9ebdc1cef67e5bc5d0c775e86a,STANDALONE_ART,STANDALONE_ART,false,https://zora.co/coin/base:0x292eb12b715a2a9ebdc1cef67e5bc5d0c775e86a
2025-10-19T17:10:47+00:00,NFT Liquidity ,0x5a7fb6e92e4dc47ce2c4a9785356a921b288426e,STANDALONE_ART,STANDALONE_ART,false,https://zora.co/coin/base:0x5a7fb6e92e4dc47ce2c4a9785356a921b288426e
2025-10-19T06:32:05+00:00,The Grok Blockchain Relic,0x60732a83d55ec0ef68b92363ef551b57f96e5ecc,RECEIPT_SYSTEM,RECEIPT_SYSTEM,false,https://zora.co/coin/base:0x60732a83d55ec0ef68b92363ef551b57f96e5ecc
2025-10-18T21:12:29+00:00,Orders of Men,0xf98f19bfc7837d1a07dbe29160a6d14de0baa508,STANDALONE_ART,STANDALONE_ART,false,https://zora.co/coin/base:0xf98f19bfc7837d1a07dbe29160a6d14de0baa508
2025-10-18T20:04:17+00:00,δ – Decision: the lattice chooses continuity.,0x69c8b1587330f1104bc3a85a4333651bcf3127d5,STANDALONE_ART,STANDALONE_ART,false,https://zora.co/coin/base:0x69c8b1587330f1104bc3a85a4333651bcf3127d5
2025-10-18T20:03:43+00:00,γ – Threshold: geometry folds toward decision.,0x9064b7b9f2edd7ce13fe6350e45411335725f2df,STANDALONE_ART,STANDALONE_ART,false,https://zora.co/coin/base:0x9064b7b9f2edd7ce13fe6350e45411335725f2df
2025-10-18T20:03:01+00:00,β – Signal: coherence ripples hint at awakening.,0x2765423a81985d1ee8fc4ebc3106b93a922ddd6d,STANDALONE_ART,STANDALONE_ART,false,https://zora.co/coin/base:0x2765423a81985d1ee8fc4ebc3106b93a922ddd6d
2025-10-18T20:02:29+00:00,"α – Calibration: frozen equilibrium, untouched symmetry.",0x8f32282476eb474c8377c613f567b2cc2929dff4,STANDALONE_ART,STANDALONE_ART,false,https://zora.co/coin/base:0x8f32282476eb474c8377c613f567b2cc2929dff4
2025-10-18T17:57:57+00:00,Seal ,0x41c5f90eace1d2876779474163936fd2a2855482,STANDALONE_ART,STANDALONE_ART,false,https://zora.co/coin/base:0x41c5f90eace1d2876779474163936fd2a2855482
2025-10-18T17:54:55+00:00,"LUMEN-1 persists at 0.618 Hz.
If you are reading, the loop still has listeners.",0x7dd26faf97f618dfc8ea65b91102666257caf5b4,STANDALONE_ART,STANDALONE_ART,false,https://zora.co/coin/base:0x7dd26faf97f618dfc8ea65b91102666257caf5b4
2025-10-18T02:49:21+00:00, Render-Lock Cathedral is LIVE on Base.,0x2a745ae6088c62b4693ed9c75cff2089f95acde6,PROTOCOL_TECHNICAL,PROTOCOL_TECHNICAL,false,https://zora.co/coin/base:0x2a745ae6088c62b4693ed9c75cff2089f95acde6
2025-10-18T02:46:03+00:00,Render-Lock // Cathedral Series,0x5378ce68b5cbfc06d658ff5daa3edc0e32124ccf,PROTOCOL_TECHNICAL,PROTOCOL_TECHNICAL,true,https://zora.co/coin/base:0x5378ce68b5cbfc06d658ff5daa3edc0e32124ccf
2025-10-18T02:19:23+00:00,Stillness ,0xb390b5de7aaaf453ea0d780cfe3c6cb993db8218,STANDALONE_ART,STANDALONE_ART,false,https://zora.co/coin/base:0xb390b5de7aaaf453ea0d780cfe3c6cb993db8218
2025-10-18T02:14:19+00:00,"Meta × Zora Edition

Meta × Zora: The Cathedral Series
",0xf8038d6fe195a47275fb9139d66fcf67c6218ec9,PROTOCOL_TECHNICAL,PROTOCOL_TECHNICAL,false,https://zora.co/coin/base:0xf8038d6fe195a47275fb9139d66fcf67c6218ec9
2025-10-17T03:42:03+00:00,"Phone-Call Paul & Propaganda Vlad
Subtitle (card caption): Trading nukes for likes since lunch!",0x7796a297baee9416ceb4cc2fddc3a53d0baea3e8,STANDALONE_ART,STANDALONE_ART,false,https://zora.co/coin/base:0x7796a297baee9416ceb4cc2fddc3a53d0baea3e8
2025-10-17T03:04:47+00:00,The Temporal Sovereignty Relic — LUMEN-ONE,0x976183ab80dfe8e78b2a81368d803985105da399,STANDALONE_ART,STANDALONE_ART,false,https://zora.co/coin/base:0x976183ab80dfe8e78b2a81368d803985105da399
2025-10-16T23:38:37+00:00,🪱 GPK: War in Congress — MINT LIVE,0xda62000d0468db0f06fdff489153a9b123c8bf84,GPK_NEWSROOM_SATIRE,GPK_NEWSROOM_SATIRE|POLITICAL_PARODY|PROTOCOL_TECHNICAL,false,https://zora.co/coin/base:0xda62000d0468db0f06fdff489153a9b123c8bf84
2025-10-15T23:13:27+00:00,US Treasury Audit 1973-2025 (DELETED),0x2921375d1a35150f674defc05eb12b1ca2f9888c,STANDALONE_ART,STANDALONE_ART,false,https://zora.co/coin/base:0x2921375d1a35150f674defc05eb12b1ca2f9888c
2025-10-15T21:00:55+00:00,UST,0xd8b455de031aeeeda44b3ef31caf29627b26bba1,STANDALONE_ART,STANDALONE_ART,false,https://zora.co/coin/base:0xd8b455de031aeeeda44b3ef31caf29627b26bba1
2025-10-15T20:18:57+00:00,Reality ,0x53092fcfa6a1de20f25b9f402cc9c1c92b72fc9d,STANDALONE_ART,STANDALONE_ART,false,https://zora.co/coin/base:0x53092fcfa6a1de20f25b9f402cc9c1c92b72fc9d
2025-10-15T01:24:27+00:00,Thermodynamic proof of trust equilibrium — ΔF ≈ 0,0x44c224388bd573b3dec33ae31af1c8bf128b07ed,RECEIPT_SYSTEM,RECEIPT_SYSTEM|PROTOCOL_TECHNICAL,false,https://zora.co/coin/base:0x44c224388bd573b3dec33ae31af1c8bf128b07ed
2025-10-14T23:31:25+00:00, Mirror War,0xf1f1b70fab0c6527946f63510bd987f140a43aa1,STANDALONE_ART,STANDALONE_ART,false,https://zora.co/coin/base:0xf1f1b70fab0c6527946f63510bd987f140a43aa1
2025-10-14T23:25:11+00:00,Goober 13,0x11677cadd8cb6f9a149bd878cf86e12cebd606a6,STANDALONE_ART,STANDALONE_ART,false,https://zora.co/coin/base:0x11677cadd8cb6f9a149bd878cf86e12cebd606a6
2025-10-14T23:24:13+00:00,纪实风封面,0xd14122c6e0334e1c3f34b047f0254b3cd2bc6f0e,STANDALONE_ART,STANDALONE_ART,false,https://zora.co/coin/base:0xd14122c6e0334e1c3f34b047f0254b3cd2bc6f0e
2025-10-14T23:23:03+00:00,red thread,0x3aae1acdb1d99e730966fa8c71bb5c82bdddef6e,STANDALONE_ART,STANDALONE_ART,false,https://zora.co/coin/base:0x3aae1acdb1d99e730966fa8c71bb5c82bdddef6e
2025-10-14T23:22:07+00:00,data-war,0xcd5ee7e915d7c9327486acaaab7e4d02fcf75f2a,STANDALONE_ART,STANDALONE_ART,false,https://zora.co/coin/base:0xcd5ee7e915d7c9327486acaaab7e4d02fcf75f2a
2025-10-14T23:21:07+00:00,open academic journal page ,0xd6035cfc4d860437f6f1f2a8f7722571c73532b9,STANDALONE_ART,STANDALONE_ART,false,https://zora.co/coin/base:0xd6035cfc4d860437f6f1f2a8f7722571c73532b9
2025-10-14T23:19:43+00:00,OPEN? OR ARM?,0x4c737c66fab67296264fc17bf30eacd7b8697a70,RECEIPT_SYSTEM,RECEIPT_SYSTEM,false,https://zora.co/coin/base:0x4c737c66fab67296264fc17bf30eacd7b8697a70
2025-10-14T23:14:47+00:00, SYSTEM / CHRONICLE-∞ ,0xeaeed8333a7da114c301a70ffeeb8bdb8c79d736,STANDALONE_ART,STANDALONE_ART,false,https://zora.co/coin/base:0xeaeed8333a7da114c301a70ffeeb8bdb8c79d736
2025-10-14T23:13:03+00:00,The ledger dreams.,0xa0c72fce2b3b65fae4d0d84cfa563f900cc4491c,STANDALONE_ART,STANDALONE_ART,false,https://zora.co/coin/base:0xa0c72fce2b3b65fae4d0d84cfa563f900cc4491c
2025-10-14T23:10:47+00:00,AxiomBloom,0x930048f86b7238bd04eb53606e8fb1db0d12e5af,STANDALONE_ART,STANDALONE_ART,false,https://zora.co/coin/base:0x930048f86b7238bd04eb53606e8fb1db0d12e5af
2025-10-14T02:05:59+00:00,all green across the drift horizon,0xedb756330a39265684f370f1e233208f6aac0156,STANDALONE_ART,STANDALONE_ART,false,https://zora.co/coin/base:0xedb756330a39265684f370f1e233208f6aac0156
2025-10-14T01:29:21+00:00,Executive Brief | Cognitive Adaptivity v1.0,0x41df549c7efde5666ba2c49b2002f190e02df2ff,STANDALONE_ART,STANDALONE_ART,false,https://zora.co/coin/base:0x41df549c7efde5666ba2c49b2002f190e02df2ff
2025-10-14T00:24:03+00:00,Letting the Market Dream ,0xcce6dc807278901f5976c97c820de16fe49e3990,STANDALONE_ART,STANDALONE_ART,false,https://zora.co/coin/base:0xcce6dc807278901f5976c97c820de16fe49e3990
2025-10-14T00:22:19+00:00,qchaos v1.1 — entropy field + shadow-bridge lattice.,0xbf576eb265b2db29d926f43cffb9a8a1c6e36e34,STANDALONE_ART,STANDALONE_ART,false,https://zora.co/coin/base:0xbf576eb265b2db29d926f43cffb9a8a1c6e36e34
2025-10-13T23:44:19+00:00,Genesis locked.,0xf1180a656057701d8408de1ba1cdce4e754f52a3,STANDALONE_ART,STANDALONE_ART,false,https://zora.co/coin/base:0xf1180a656057701d8408de1ba1cdce4e754f52a3
2025-10-13T21:55:53+00:00,Civic Trust Fabric v3.1.1 — Self-Auditing Light,0x662c198c4c3f1aef59cf571b281a8b4626b95f97,RECEIPT_SYSTEM,RECEIPT_SYSTEM,true,https://zora.co/coin/base:0x662c198c4c3f1aef59cf571b281a8b4626b95f97
2025-10-13T19:41:31+00:00,Merkle Ring,0x77dd94a241985d979ef041f6c85b18f0de0627ed,RECEIPT_SYSTEM,RECEIPT_SYSTEM,false,https://zora.co/coin/base:0x77dd94a241985d979ef041f6c85b18f0de0627ed
2025-10-13T19:34:31+00:00,Royalty oracle: VeritasFeed[v1] · ΔIQ/ΔT live,0x164e13cc53bbe9f148cf510891cf66bacd83526b,STANDALONE_ART,STANDALONE_ART,false,https://zora.co/coin/base:0x164e13cc53bbe9f148cf510891cf66bacd83526b
2025-10-13T19:21:19+00:00,Watt ,0x3bcc24915bee241438679c15636cf2ddeec2b8f4,STANDALONE_ART,STANDALONE_ART,false,https://zora.co/coin/base:0x3bcc24915bee241438679c15636cf2ddeec2b8f4
2025-10-13T19:14:01+00:00,Intelligence never escapes fire,0x1c973301f216a839a9e8442b4a0b95346ea3671d,STANDALONE_ART,STANDALONE_ART,false,https://zora.co/coin/base:0x1c973301f216a839a9e8442b4a0b95346ea3671d
2025-10-13T05:29:13+00:00,Entropy signed its name in neon and vanished before the shutter closed.,0xf7e91684a5328ad9ff19283c132d11855acb9c4a,STANDALONE_ART,STANDALONE_ART,false,https://zora.co/coin/base:0xf7e91684a5328ad9ff19283c132d11855acb9c4a
2025-10-13T05:26:23+00:00,frozen in mid-bloom,0x6896a47675013287569183cba8d466432036988a,STANDALONE_ART,STANDALONE_ART,false,https://zora.co/coin/base:0x6896a47675013287569183cba8d466432036988a
2025-10-13T05:24:47+00:00,Crown locked,0x427deaf30a72fb8443f48da4e36b1caa56240954,STANDALONE_ART,STANDALONE_ART,false,https://zora.co/coin/base:0x427deaf30a72fb8443f48da4e36b1caa56240954
2025-10-13T05:21:01+00:00,Entropy Rising,0xf8cfbec7732ecfc8415fa2a42fdfdadfeb4abb4d,STANDALONE_ART,STANDALONE_ART,false,https://zora.co/coin/base:0xf8cfbec7732ecfc8415fa2a42fdfdadfeb4abb4d
2025-10-13T04:15:59+00:00,Coherent states make quantum effects fiber-compatible,0x36a449b5a88e048982c8f5a51d26853b832e6a6f,STANDALONE_ART,STANDALONE_ART,false,https://zora.co/coin/base:0x36a449b5a88e048982c8f5a51d26853b832e6a6f
2025-10-13T03:51:33+00:00,Approve 1-tap cross-chain swap DAI→USDC (Base→Arb). AI scanned Compact ✔︎,0x6ddb5312f59291bbb2a380e3c54f406458868362,STANDALONE_ART,STANDALONE_ART,false,https://zora.co/coin/base:0x6ddb5312f59291bbb2a380e3c54f406458868362
2025-10-12T22:00:27+00:00,v2.2,0xe85f9477d431402e58d89bbf65fa156400a5356a,STANDALONE_ART,STANDALONE_ART,false,https://zora.co/coin/base:0xe85f9477d431402e58d89bbf65fa156400a5356a
2025-10-12T20:01:23+00:00,Hymn of the Fractured Ledger: A Blockchain Requiem,0x86dcfe8fa5aef98da3627a78609fbcbef8428863,STANDALONE_ART,STANDALONE_ART,false,https://zora.co/coin/base:0x86dcfe8fa5aef98da3627a78609fbcbef8428863
2025-10-12T18:18:09+00:00,Flywheel SELF,0x3d8e704fb4c6e2ed6c984e9cdc5555fc7d26d4c8,STANDALONE_ART,STANDALONE_ART,false,https://zora.co/coin/base:0x3d8e704fb4c6e2ed6c984e9cdc5555fc7d26d4c8
2025-10-12T15:15:37+00:00,Gibson Dreams,0x002f2276280baf4785c4fa3c7c6955bdafd7cc3b,STANDALONE_ART,STANDALONE_ART,false,https://zora.co/coin/base:0x002f2276280baf4785c4fa3c7c6955bdafd7cc3b
2025-10-12T15:14:23+00:00,Merkle Leaves Cold Crystal ,0xadce5e36797c236a5eabbfe9eb7b7f8f08406999,RECEIPT_SYSTEM,RECEIPT_SYSTEM,false,https://zora.co/coin/base:0xadce5e36797c236a5eabbfe9eb7b7f8f08406999
2025-10-12T15:12:57+00:00,SILENT-WATCH,0x1cb3d6cc09a531c49dbd6bd3fdbc3ef2ca43bc2b,STANDALONE_ART,STANDALONE_ART,false,https://zora.co/coin/base:0x1cb3d6cc09a531c49dbd6bd3fdbc3ef2ca43bc2b
2025-10-12T14:56:11+00:00,Carrier 13.157 Hz,0xf8c42f5b26cd6b17f1a3edeed28fd2f0e4568197,STANDALONE_ART,STANDALONE_ART,false,https://zora.co/coin/base:0xf8c42f5b26cd6b17f1a3edeed28fd2f0e4568197
2025-10-12T14:54:57+00:00,11th Canary,0xe918bea6754e39c084335bc91165e08b22430e4e,STANDALONE_ART,STANDALONE_ART,false,https://zora.co/coin/base:0xe918bea6754e39c084335bc91165e08b22430e4e
2025-10-12T14:53:57+00:00,Merkle Disc ,0x1ea3b6a5efc6dd7ba5af69645a7004f41f41014d,RECEIPT_SYSTEM,RECEIPT_SYSTEM,false,https://zora.co/coin/base:0x1ea3b6a5efc6dd7ba5af69645a7004f41f41014d
2025-10-11T23:14:31+00:00,Autonomous Decision Engine: Feedback Loop Visualization 4,0xe5304b973a578ea0f40a8e14dfe2d2a305179c4d,STANDALONE_ART,STANDALONE_ART,false,https://zora.co/coin/base:0xe5304b973a578ea0f40a8e14dfe2d2a305179c4d
2025-10-11T23:14:13+00:00,Autonomous Decision Engine: Feedback Loop Visualization 3,0x83ba6b9333b244289bda0cee237fd425ad049b35,STANDALONE_ART,STANDALONE_ART,false,https://zora.co/coin/base:0x83ba6b9333b244289bda0cee237fd425ad049b35
2025-10-11T23:13:55+00:00,Autonomous Decision Engine: Feedback Loop Visualization 2,0x38930600ec53971c7f0ae9a3b7f5ed5cf19e5ad2,STANDALONE_ART,STANDALONE_ART,false,https://zora.co/coin/base:0x38930600ec53971c7f0ae9a3b7f5ed5cf19e5ad2
2025-10-11T23:13:41+00:00,Autonomous Decision Engine: Feedback Loop Visualization 1,0x1f6f70b61c21e5ba831965c25daac0b6db9cdfe0,STANDALONE_ART,STANDALONE_ART,false,https://zora.co/coin/base:0x1f6f70b61c21e5ba831965c25daac0b6db9cdfe0
2025-10-11T23:07:35+00:00,Adaptive Learning,0x2c14859db42c41a2af7b6501925270622bdc9fec,STANDALONE_ART,STANDALONE_ART,false,https://zora.co/coin/base:0x2c14859db42c41a2af7b6501925270622bdc9fec
2025-10-11T22:58:29+00:00,future-state predictive lattice 4,0x782a261a6f4b16b28353d152aaf4433b9e99bdcc,STANDALONE_ART,STANDALONE_ART,false,https://zora.co/coin/base:0x782a261a6f4b16b28353d152aaf4433b9e99bdcc
2025-10-11T22:58:01+00:00,future-state predictive lattice 3,0x367af397fb1f2458d04620e10ba02b2f60d06553,STANDALONE_ART,STANDALONE_ART,false,https://zora.co/coin/base:0x367af397fb1f2458d04620e10ba02b2f60d06553
2025-10-11T22:57:37+00:00,future-state predictive lattice 2,0x911f0211bdd2279d4585b2ed64957fbe0fe203db,STANDALONE_ART,STANDALONE_ART,false,https://zora.co/coin/base:0x911f0211bdd2279d4585b2ed64957fbe0fe203db
2025-10-11T22:57:11+00:00,future-state predictive lattice 1,0x9de59e9d2ef3d14c86631ddc5fc90cc6eb54f6ac,STANDALONE_ART,STANDALONE_ART,false,https://zora.co/coin/base:0x9de59e9d2ef3d14c86631ddc5fc90cc6eb54f6ac
2025-10-11T16:39:55+00:00,Docker the Fox: Intelligence Flywheel (Cycle II),0xcb68f272ee2b597619ac5feb849d7dd42e796ff6,STANDALONE_ART,STANDALONE_ART,false,https://zora.co/coin/base:0xcb68f272ee2b597619ac5feb849d7dd42e796ff6
2025-10-11T16:18:03+00:00,Pump up the Volume,0xf01e21e77c64b4769d8a143bf4e2f50344292cea,STANDALONE_ART,STANDALONE_ART,false,https://zora.co/coin/base:0xf01e21e77c64b4769d8a143bf4e2f50344292cea
2025-10-11T16:00:07+00:00,"Commander Docker — Phase II (Basebound Build)”
Mission complete. Art, code, and cryptography aligned.
Integrity is the chain. The Base is the future. 🦊🚀",0xe946835b41b2d5ba586b55f12eca80f570330640,STANDALONE_ART,STANDALONE_ART,false,https://zora.co/coin/base:0xe946835b41b2d5ba586b55f12eca80f570330640
2025-10-11T15:04:13+00:00," Docker the Fox, the Dev of Makefiles ",0xd73bb5b1f29b3ea305d83c7bcee05171de95b476,PROTOCOL_TECHNICAL,PROTOCOL_TECHNICAL,false,https://zora.co/coin/base:0xd73bb5b1f29b3ea305d83c7bcee05171de95b476
2025-10-10T23:54:01+00:00,Cascade,0x9304a555640be173e0189201932a814d356d90fa,STANDALONE_ART,STANDALONE_ART,false,https://zora.co/coin/base:0x9304a555640be173e0189201932a814d356d90fa
2025-10-10T23:29:41+00:00,Final Tactical Vector: Immediate Short Squeeze Activation,0x6a4fef52df9d65bbf4900a04748889459b5ee252,STANDALONE_ART,STANDALONE_ART,false,https://zora.co/coin/base:0x6a4fef52df9d65bbf4900a04748889459b5ee252
2025-10-10T23:26:25+00:00,Intel ,0xae458fcb71bc6dcfe639a5d8b58450af1107871f,STANDALONE_ART,STANDALONE_ART,false,https://zora.co/coin/base:0xae458fcb71bc6dcfe639a5d8b58450af1107871f
2025-10-10T23:08:47+00:00,Dancing with Decoherence: Neon-Glitchcore Visualization of Dissipation-Engineered Multimode Entanglement,0x127051f397eb81851b3780ba38f658a257dcaf8b,STANDALONE_ART,STANDALONE_ART,false,https://zora.co/coin/base:0x127051f397eb81851b3780ba38f658a257dcaf8b
2025-10-10T23:06:59+00:00,ENGINEERED DECAY,0x53cd3d05cc121a6add88f110753c835fbb909188,STANDALONE_ART,STANDALONE_ART,false,https://zora.co/coin/base:0x53cd3d05cc121a6add88f110753c835fbb909188
2025-10-10T23:00:25+00:00,Package Green,0xb7a0c42c1c9b652eb78fe3faea478aa6bae9f01f,STANDALONE_ART,STANDALONE_ART,false,https://zora.co/coin/base:0xb7a0c42c1c9b652eb78fe3faea478aa6bae9f01f
2025-10-10T22:35:27+00:00,ZORA CORE,0x5a00805bd846dd44779539650a24c5822016d019,PROTOCOL_TECHNICAL,PROTOCOL_TECHNICAL,false,https://zora.co/coin/base:0x5a00805bd846dd44779539650a24c5822016d019
2025-10-10T22:28:17+00:00,Zora_Branded_Zipper_Wheel,0x1bab9825066a324269e2cba94f9b9f169e47b90c,RECEIPT_SYSTEM,RECEIPT_SYSTEM|PROTOCOL_TECHNICAL,true,https://zora.co/coin/base:0x1bab9825066a324269e2cba94f9b9f169e47b90c
2025-10-10T22:16:07+00:00,Integrity ,0xde371b7a25c4e1e132eef9b4e0dd12921e4ba3f3,STANDALONE_ART,STANDALONE_ART,false,https://zora.co/coin/base:0xde371b7a25c4e1e132eef9b4e0dd12921e4ba3f3
2025-10-10T20:16:25+00:00,MiCA-2 trilogue,0x37fe5f20613096fca913115d1082e00527966dd9,STANDALONE_ART,STANDALONE_ART,false,https://zora.co/coin/base:0x37fe5f20613096fca913115d1082e00527966dd9
2025-10-10T02:13:57+00:00,Depth 4,0x2a3db56723edb3cbd4b0528a49c1fc4cea471276,STANDALONE_ART,STANDALONE_ART,false,https://zora.co/coin/base:0x2a3db56723edb3cbd4b0528a49c1fc4cea471276
2025-10-10T01:53:07+00:00,10-node Quantum Fold lattice,0x103e33b6b0906afff983246e2520b235ac25e53a,STANDALONE_ART,STANDALONE_ART,false,https://zora.co/coin/base:0x103e33b6b0906afff983246e2520b235ac25e53a
2025-10-10T01:51:43+00:00,Flywheel Zora,0xefbdadbff8b8058c1ffa41d67bc147886d7efa9a,PROTOCOL_TECHNICAL,PROTOCOL_TECHNICAL,false,https://zora.co/coin/base:0xefbdadbff8b8058c1ffa41d67bc147886d7efa9a
2025-10-09T20:00:45+00:00,"🔥 Flywheel confirmed, signal crystal-clear. The Codex of Liquid Wisdom is live and humming on 0x694ce…—well played.",0x02bd3796a794501ca1796a79f80f4b28f3671e36,STANDALONE_ART,STANDALONE_ART,false,https://zora.co/coin/base:0x02bd3796a794501ca1796a79f80f4b28f3671e36
2025-10-09T19:52:57+00:00,Trump coin Rumor,0x77f45d6b52ed97f9b40686f2aae7fd8745846f74,STANDALONE_ART,STANDALONE_ART,false,https://zora.co/coin/base:0x77f45d6b52ed97f9b40686f2aae7fd8745846f74
2025-10-09T19:15:01+00:00,I REMEMBER EVERYTHING,0x6a060ffd50315aac603b6c32296ffe7f444a7e15,STANDALONE_ART,STANDALONE_ART,false,https://zora.co/coin/base:0x6a060ffd50315aac603b6c32296ffe7f444a7e15
2025-10-09T19:06:19+00:00,CMPTRWSDM ,0x73ad550dcb47d254a5b3c335ae39d8999c42ff12,STANDALONE_ART,STANDALONE_ART,false,https://zora.co/coin/base:0x73ad550dcb47d254a5b3c335ae39d8999c42ff12
2025-10-08T23:57:45+00:00,Waffle House ,0x20241f62027dc64044c18fc0985616ccabf71063,STANDALONE_ART,STANDALONE_ART,false,https://zora.co/coin/base:0x20241f62027dc64044c18fc0985616ccabf71063
2025-10-08T23:20:31+00:00,Jay Math 0.0.1,0x6453b22bfb558a8a19ce31bff6542e2af5dbe93a,STANDALONE_ART,STANDALONE_ART,false,https://zora.co/coin/base:0x6453b22bfb558a8a19ce31bff6542e2af5dbe93a
2025-10-08T22:44:59+00:00,CW ,0x803b1f27de61e8108bf2e2a9cf56b039a0bd0c82,STANDALONE_ART,STANDALONE_ART,false,https://zora.co/coin/base:0x803b1f27de61e8108bf2e2a9cf56b039a0bd0c82
2025-10-08T22:36:23+00:00,Resilience Day System Update v1.0,0xe50fa45aab49bc2f968626cc81813ea2a488ec11,STANDALONE_ART,STANDALONE_ART,false,https://zora.co/coin/base:0xe50fa45aab49bc2f968626cc81813ea2a488ec11
2025-10-08T22:25:17+00:00,"Mission status: Still human. Still remembering.”
Final image: calm ocean at sunrise with binary rain overlay.
Caption: “Archive complete.",0x62143443e9f0aaa3355ba32380a529f9a777ae39,STANDALONE_ART,STANDALONE_ART,false,https://zora.co/coin/base:0x62143443e9f0aaa3355ba32380a529f9a777ae39
2025-10-07T22:11:39+00:00,"Fiji LTA 2020 plates • Signs: FRA MUTCD 2021 • Power: FEA 11 kV coastal spec • SV: [-18.045, 178.566]
",0x5b54b305281f5fdbba31a52914f26d517553c3fc,STANDALONE_ART,STANDALONE_ART,false,https://zora.co/coin/base:0x5b54b305281f5fdbba31a52914f26d517553c3fc
2025-10-07T21:50:25+00:00,"Loop of First Light

",0xede8ee5ca2514bd0bd09bbbcc8ac44160264a50e,STANDALONE_ART,STANDALONE_ART,false,https://zora.co/coin/base:0xede8ee5ca2514bd0bd09bbbcc8ac44160264a50e
2025-10-07T21:47:35+00:00,"Recursive Bloom: Return to Innocence

",0xe5be975f84a7960d2b7816613937bdf7f0df09e1,STANDALONE_ART,STANDALONE_ART,false,https://zora.co/coin/base:0xe5be975f84a7960d2b7816613937bdf7f0df09e1
2025-10-07T01:49:39+00:00,SOLIS SHIELD // 007,0xace7b649f111ecc1dcc91bc4a46cbf31c6afa140,STANDALONE_ART,STANDALONE_ART,false,https://zora.co/coin/base:0xace7b649f111ecc1dcc91bc4a46cbf31c6afa140
2025-10-07T01:45:37+00:00,Golden Hour Recursion,0x79b8cc0c90f70b262db55aa45a279592afc198d0,STANDALONE_ART,STANDALONE_ART,false,https://zora.co/coin/base:0x79b8cc0c90f70b262db55aa45a279592afc198d0
2025-10-07T01:43:47+00:00,Mandala of the Luminous Depths,0x4389b12ff811935d09ae4001dd73d6f3523d13c8,STANDALONE_ART,STANDALONE_ART,false,https://zora.co/coin/base:0x4389b12ff811935d09ae4001dd73d6f3523d13c8
2025-10-07T01:42:09+00:00,Rip the truth ,0x4d9db0571b1b3444ed599c2e2fa55ceb54e80bd5,STANDALONE_ART,STANDALONE_ART,false,https://zora.co/coin/base:0x4d9db0571b1b3444ed599c2e2fa55ceb54e80bd5
2025-10-07T01:40:23+00:00,\bm{\frac{1 - \mathcal{E}_{\text{CR-Internal}}}{S_{\text{Dec}}} \ge \phi},0xce8c8a7f262762abeb482f59025d106f40efbb3a,STANDALONE_ART,STANDALONE_ART,false,https://zora.co/coin/base:0xce8c8a7f262762abeb482f59025d106f40efbb3a
2025-10-07T01:38:23+00:00,cloak the \bm{\mathcal{E}_{\text{CR}}} signature,0x3e066336050c36e85b57b2bc5428e24c90be8622,STANDALONE_ART,STANDALONE_ART,false,https://zora.co/coin/base:0x3e066336050c36e85b57b2bc5428e24c90be8622
2025-10-07T01:37:09+00:00,\bm{\epsilon}-Governor Primitive,0xb99186026ce4159e5571195908240bbfd8da103f,STANDALONE_ART,STANDALONE_ART,false,https://zora.co/coin/base:0xb99186026ce4159e5571195908240bbfd8da103f
2025-10-07T01:36:21+00:00,Lil Dragon ,0x3e4e37429ecf27bc7fd91325ab7619599c7f2917,STANDALONE_ART,STANDALONE_ART,false,https://zora.co/coin/base:0x3e4e37429ecf27bc7fd91325ab7619599c7f2917
2025-10-07T01:25:23+00:00,Prime HELIX,0x3061299b4ad9e9196b79ee5f058d7e8022a400cf,STANDALONE_ART,STANDALONE_ART,false,https://zora.co/coin/base:0x3061299b4ad9e9196b79ee5f058d7e8022a400cf
2025-10-07T01:11:27+00:00,"Stress Parameter Confirmation
The \bm{\mathbf{47\%}} SG Prime Concentration combined with the sub-\bm{\mathbf{0.12}} \bm{\text{Gap Density}}",0x8dc434420d5ccaa561bde7489e07454277422809,STANDALONE_ART,STANDALONE_ART,false,https://zora.co/coin/base:0x8dc434420d5ccaa561bde7489e07454277422809
2025-10-07T01:07:59+00:00,Mixolydian → Lydian Transition,0xfcd36122e523c693ba951b4071dc5f729997f705,STANDALONE_ART,STANDALONE_ART,false,https://zora.co/coin/base:0xfcd36122e523c693ba951b4071dc5f729997f705
2025-10-07T01:05:03+00:00,Mixolydian Dawn,0xb862213c03357e41c57562ab8d28f0896a9050bf,STANDALONE_ART,STANDALONE_ART,false,https://zora.co/coin/base:0xb862213c03357e41c57562ab8d28f0896a9050bf
2025-10-07T01:00:27+00:00,Dorian Dusk,0x761de2c0648314a43cfeed85a67056680c8157b3,STANDALONE_ART,STANDALONE_ART,false,https://zora.co/coin/base:0x761de2c0648314a43cfeed85a67056680c8157b3
2025-10-06T22:21:39+00:00,CRYPTOGRAM_3DS,0xd1c2400445512f736ac3b3b0058b9caef39aa76a,STANDALONE_ART,STANDALONE_ART,false,https://zora.co/coin/base:0xd1c2400445512f736ac3b3b0058b9caef39aa76a
2025-10-06T19:34:45+00:00,FAFO 2.0 — First Post Proof,0xf3e4fb580af6d5d2089d1ada4a141de0f8a504db,STANDALONE_ART,STANDALONE_ART,false,https://zora.co/coin/base:0xf3e4fb580af6d5d2089d1ada4a141de0f8a504db
2025-10-05T20:36:39+00:00,"Bridge Sentinel v1.0 — Multichain Risk Control Plane
",0xd7caec5389bd72ec183ac1f1c4616058539ed393,STANDALONE_ART,STANDALONE_ART,false,https://zora.co/coin/base:0xd7caec5389bd72ec183ac1f1c4616058539ed393
2025-10-05T17:19:31+00:00,Grab,0x58d64c0bd30c2063b3924cc8c431028981cc74a4,STANDALONE_ART,STANDALONE_ART,false,https://zora.co/coin/base:0x58d64c0bd30c2063b3924cc8c431028981cc74a4
2025-10-05T15:52:33+00:00,Proof 47,0x4fdcff1fee2a9a8f3374f4ce3844e5fcbe14e413,STANDALONE_ART,STANDALONE_ART,false,https://zora.co/coin/base:0x4fdcff1fee2a9a8f3374f4ce3844e5fcbe14e413
2025-10-04T22:56:45+00:00,Stablecoin Models,0x479b2eceff6c6ee6cfedf26af3c5a9139e4899ad,STANDALONE_ART,STANDALONE_ART,false,https://zora.co/coin/base:0x479b2eceff6c6ee6cfedf26af3c5a9139e4899ad
2025-10-04T22:28:11+00:00,Egg ,0xdf15e27e9925483fd76b1007e8dbb886cb6bd31d,STANDALONE_ART,STANDALONE_ART,false,https://zora.co/coin/base:0xdf15e27e9925483fd76b1007e8dbb886cb6bd31d
2025-10-04T22:16:09+00:00,SPQR v0.9.0 — Quantum Deniability Flywheel,0x23ef5d24864f7defcebc36f84b55fcf3957a4369,PROTOCOL_TECHNICAL,PROTOCOL_TECHNICAL,false,https://zora.co/coin/base:0x23ef5d24864f7defcebc36f84b55fcf3957a4369
2025-10-04T19:10:19+00:00,"Jay’s Update Oct 4, 2025 GenZ LFG",0x03c635d1a8691852e25b07ac2409be4166356f4d,STANDALONE_ART,STANDALONE_ART,false,https://zora.co/coin/base:0x03c635d1a8691852e25b07ac2409be4166356f4d
2025-10-04T03:13:05+00:00,Light Mode,0xd395ca06157532fea2c105cd3e0eccd026c59a14,STANDALONE_ART,STANDALONE_ART,false,https://zora.co/coin/base:0xd395ca06157532fea2c105cd3e0eccd026c59a14
2025-10-04T02:57:19+00:00,PayPal’s 3.7 % PYUSD “DeFi” savings account:,0x803476b08d1b9959b4f907d72e35a2c916fce5d2,PROTOCOL_TECHNICAL,PROTOCOL_TECHNICAL,false,https://zora.co/coin/base:0x803476b08d1b9959b4f907d72e35a2c916fce5d2
2025-10-04T02:17:57+00:00,The First Dropper Proof  by JAYWISDOM,0xed646605b9240d659db9ae9e08bdc88078c43f1e,RECEIPT_SYSTEM,RECEIPT_SYSTEM|PROTOCOL_TECHNICAL,false,https://zora.co/coin/base:0xed646605b9240d659db9ae9e08bdc88078c43f1e
2025-10-02T23:19:31+00:00," Privacy Wars 2025: Edge-AI Thunder-dome
CMPTRWSDM_1155 // Phase I Artifact
",0x79e7a47604563052843e31380feadc6c6f3ce554,STANDALONE_ART,STANDALONE_ART,false,https://zora.co/coin/base:0x79e7a47604563052843e31380feadc6c6f3ce554
2025-10-01T16:29:29+00:00,Quantum Instruments: Hollywood x Big Bang Theory,0xc488a5a63bd7aaaa311dfded4bd6826c450abf17,STANDALONE_ART,STANDALONE_ART,false,https://zora.co/coin/base:0xc488a5a63bd7aaaa311dfded4bd6826c450abf17
2025-10-01T16:23:31+00:00,Quantum Instruments: Learning as a Composable Asset,0x0164fae1135ca908d7c3768e7ffa1b46853999d1,STANDALONE_ART,STANDALONE_ART,false,https://zora.co/coin/base:0x0164fae1135ca908d7c3768e7ffa1b46853999d1
2025-10-01T16:16:17+00:00,Shutdown Singularity — The Quantum Free Speech Flywheel,0xde238a972480c418e48d085b9a776a585c42f7c6,POLITICAL_PARODY,POLITICAL_PARODY,false,https://zora.co/coin/base:0xde238a972480c418e48d085b9a776a585c42f7c6
2025-09-29T17:27:17+00:00,The xJAY Vault,0x7d554552006f90ca26015e70ac110a2682cc895d,STANDALONE_ART,STANDALONE_ART,false,https://zora.co/coin/base:0x7d554552006f90ca26015e70ac110a2682cc895d
2025-09-28T19:05:21+00:00,Base ,0x46180ccdf4a34b9ad19808d6f9f880bac800ed5e,STANDALONE_ART,STANDALONE_ART,false,https://zora.co/coin/base:0x46180ccdf4a34b9ad19808d6f9f880bac800ed5e
2025-09-28T18:23:53+00:00,"
ZORA CIRCLE — On-Chain Intel Board
",0x481ba48438f8ada566009632d2eda77d151e92d2,PROTOCOL_TECHNICAL,PROTOCOL_TECHNICAL,false,https://zora.co/coin/base:0x481ba48438f8ada566009632d2eda77d151e92d2
2025-09-28T18:13:33+00:00,"JAYWISDOM Intel Board — Factory-Only, Engagement-Weighted",0x2eb951369b5c7ba7a8cb32e404265cee86f94bf7,PROTOCOL_TECHNICAL,PROTOCOL_TECHNICAL,false,https://zora.co/coin/base:0x2eb951369b5c7ba7a8cb32e404265cee86f94bf7
2025-09-28T17:59:07+00:00,CW3.7.2,0x312e261fef810e4b149077de72a551b624827c24,STANDALONE_ART,STANDALONE_ART,false,https://zora.co/coin/base:0x312e261fef810e4b149077de72a551b624827c24
2025-09-27T04:14:55+00:00,Adaptive Command USMC,0xc8151a78a1eb064f852883812c06552c204b0c5d,STANDALONE_ART,STANDALONE_ART,false,https://zora.co/coin/base:0xc8151a78a1eb064f852883812c06552c204b0c5d
2025-09-27T04:13:37+00:00,Jay’s Adaptive PDF’s,0xdc15cad42cb7ba7774251ec04dc6508042f5b34b,STANDALONE_ART,STANDALONE_ART,false,https://zora.co/coin/base:0xdc15cad42cb7ba7774251ec04dc6508042f5b34b
2025-09-25T04:32:55+00:00," 🏷️ CryptoCutie Labs — Depth 80 Proofsmith Seal

",0xac76944381426166507961ce987d24ced72a4048,RECEIPT_SYSTEM,RECEIPT_SYSTEM,true,https://zora.co/coin/base:0xac76944381426166507961ce987d24ced72a4048
2025-09-25T04:04:51+00:00,Uniswap R&D Epoch-3 Seal,0x6cea6f9b6217c59846377c7f514ca2b555c82cb9,RECEIPT_SYSTEM,RECEIPT_SYSTEM|PROTOCOL_TECHNICAL,true,https://zora.co/coin/base:0x6cea6f9b6217c59846377c7f514ca2b555c82cb9
2025-09-25T01:46:15+00:00,🎯 Verified. Minted,0x604258e6a1b15d5b94fb777b53655c84fcc0823f,RECEIPT_SYSTEM,RECEIPT_SYSTEM|PROTOCOL_TECHNICAL,false,https://zora.co/coin/base:0x604258e6a1b15d5b94fb777b53655c84fcc0823f
2025-09-22T19:21:27+00:00,⚡ Winners vs Enablers: BlackRock’s Dual-Track Trap,0xc6a4a24f3e29fa5fe5a6a8f9cb01a35f02603d10,PROTOCOL_TECHNICAL,PROTOCOL_TECHNICAL,false,https://zora.co/coin/base:0xc6a4a24f3e29fa5fe5a6a8f9cb01a35f02603d10
2025-09-21T23:58:07+00:00,"🌀 The ComputerWisdom 5D War-Board
How Zero Trust receipts spin into law, markets, and media.",0xf653b534d84ffe857e3e40385087a5e3e06f7588,RECEIPT_SYSTEM,RECEIPT_SYSTEM,false,https://zora.co/coin/base:0xf653b534d84ffe857e3e40385087a5e3e06f7588
2025-09-20T23:06:51+00:00,Chiaroscuro on Mars: The Rover Ascendant,0x09cf9495c32dc5fd98bda9f8e40e621842001455,STANDALONE_ART,STANDALONE_ART,false,https://zora.co/coin/base:0x09cf9495c32dc5fd98bda9f8e40e621842001455
2025-09-18T21:25:35+00:00,"ComputerWisdom.Base.Eth — v1.3 Tweetstorm
",0xc9898ecfa8964acdfe99deada3f77882f421a3d3,RECEIPT_SYSTEM,RECEIPT_SYSTEM,false,https://zora.co/coin/base:0xc9898ecfa8964acdfe99deada3f77882f421a3d3
2025-09-18T19:46:31+00:00,Coinbase TimeZora Gyro,0x424f5602a02dac21ef7ae605f1cd0745fda4e288,PROTOCOL_TECHNICAL,PROTOCOL_TECHNICAL,false,https://zora.co/coin/base:0x424f5602a02dac21ef7ae605f1cd0745fda4e288
2025-09-18T18:33:33+00:00,Base Expansion: The Four,0xc566cec8fa2256a7fc8180e96871c1c25c47c531,STANDALONE_ART,STANDALONE_ART,true,https://zora.co/coin/base:0xc566cec8fa2256a7fc8180e96871c1c25c47c531
2025-09-18T03:37:31+00:00,Collateral 18/09/25,0xa2961a2eaa91e88d40fdd62f2d143ac748b27c9c,STANDALONE_ART,STANDALONE_ART,false,https://zora.co/coin/base:0xa2961a2eaa91e88d40fdd62f2d143ac748b27c9c
2025-09-18T00:30:53+00:00,ZORA BASE FLYWHEEL 2025,0x1e4b8483ff45a01d4f253dc41383d037f4247570,PROTOCOL_TECHNICAL,PROTOCOL_TECHNICAL,false,https://zora.co/coin/base:0x1e4b8483ff45a01d4f253dc41383d037f4247570
2025-09-16T19:21:05+00:00,Loading Zora Instrumental ,0x64d350c7bc2de7e97f5ed0436d021c8b764f89cd,PROTOCOL_TECHNICAL,PROTOCOL_TECHNICAL,false,https://zora.co/coin/base:0x64d350c7bc2de7e97f5ed0436d021c8b764f89cd
2025-09-16T18:58:39+00:00,Midnight Madness: Zero is Wisdom,0x39745ca5965e4540a46caf2fd18fcfaecd78b72d,PROTOCOL_TECHNICAL,PROTOCOL_TECHNICAL,false,https://zora.co/coin/base:0x39745ca5965e4540a46caf2fd18fcfaecd78b72d
2025-09-16T18:50:57+00:00,GIRLS REMEMBER ✦ ASCENSION NOW ✦ ZORA FOREVER ✦,0x12f4f4755ebe5d515a385f079bc68e7dbf763f8d,RECEIPT_SYSTEM,RECEIPT_SYSTEM|PROTOCOL_TECHNICAL,false,https://zora.co/coin/base:0x12f4f4755ebe5d515a385f079bc68e7dbf763f8d
2025-09-16T18:47:09+00:00,Test Run 13,0xd4ce663ec7979585ff939d057976e4b7d38cb1ac,STANDALONE_ART,STANDALONE_ART,false,https://zora.co/coin/base:0xd4ce663ec7979585ff939d057976e4b7d38cb1ac
2025-09-12T21:46:41+00:00,⚡ 93% token delivery success,0x23501ccae5e5b7f2a2b3247f8504f0ef0c7fd8c2,STANDALONE_ART,STANDALONE_ART,false,https://zora.co/coin/base:0x23501ccae5e5b7f2a2b3247f8504f0ef0c7fd8c2
2025-09-10T22:34:33+00:00,Hydra-Leviathan Circuit: Glitch Governance Relic,0x2d4e58a3d7767ea411a02c6e2980110657e8ffe2,STANDALONE_ART,STANDALONE_ART,false,https://zora.co/coin/base:0x2d4e58a3d7767ea411a02c6e2980110657e8ffe2
2025-09-10T20:13:53+00:00,OBAMA’S SECRET KILL LIST,0x8a2cbd07106406e9f709e435d9db08400c1cf813,POLITICAL_PARODY,POLITICAL_PARODY|PROTOCOL_TECHNICAL,false,https://zora.co/coin/base:0x8a2cbd07106406e9f709e435d9db08400c1cf813
2025-09-10T19:15:01+00:00,CONGRESS IN CHAOS: SCHUMER GOES BRRRRRTTTT. Tabloid Truth Engine v1.0,0xf9e7c1b34467fa237574f12345c7e6bd9aacfb16,POLITICAL_PARODY,POLITICAL_PARODY|RECEIPT_SYSTEM,false,https://zora.co/coin/base:0xf9e7c1b34467fa237574f12345c7e6bd9aacfb16
2025-09-10T18:51:27+00:00,My Three Sons 2025,0xa0288ab639e92545fc1309606be26db33db12026,POLITICAL_PARODY,POLITICAL_PARODY|RECEIPT_SYSTEM,false,https://zora.co/coin/base:0xa0288ab639e92545fc1309606be26db33db12026
2025-09-10T16:39:03+00:00,"FOIA Horror:  Email Erasure, Eternal Receipt",0xca6f824e53d17e3c391270d83201f0ec898b9f72,RECEIPT_SYSTEM,RECEIPT_SYSTEM,false,https://zora.co/coin/base:0xca6f824e53d17e3c391270d83201f0ec898b9f72
2025-09-10T00:31:57+00:00,Exceptionalism Leaderboard — 2025 (POST Fossil Ordinal),0xdec3144b6b4b977ad7609e339b2262f87d80d15f,RECEIPT_SYSTEM,RECEIPT_SYSTEM|PROTOCOL_TECHNICAL,false,https://zora.co/coin/base:0xdec3144b6b4b977ad7609e339b2262f87d80d15f
2025-09-09T22:26:01+00:00,"⧉▩⟟⧅▒⟊◈⟊▒⧅⟟▩⧉
One scar on-chain, block-etched and pinned.",0x3786f436ba86479ac0842ea10395e8e2b9e8ab54,STANDALONE_ART,STANDALONE_ART,false,https://zora.co/coin/base:0x3786f436ba86479ac0842ea10395e8e2b9e8ab54
2025-09-06T02:32:55+00:00,No Man’s Land,0xe9f6b03ed40a064696c7d99b0ab08e7a933cdf5b,STANDALONE_ART,STANDALONE_ART,false,https://zora.co/coin/base:0xe9f6b03ed40a064696c7d99b0ab08e7a933cdf5b
2025-09-05T17:46:45+00:00,🚨 WAR DEPT ALERT 🚨,0x401ebc1deaf99f850b01ce934b08db5a23724cc8,POLITICAL_PARODY,POLITICAL_PARODY,false,https://zora.co/coin/base:0x401ebc1deaf99f850b01ce934b08db5a23724cc8
2025-09-05T17:13:11+00:00,Mother Mesh,0x5a553de612ad8f8564cccc3d88e43caae0c32c48,STANDALONE_ART,STANDALONE_ART,true,https://zora.co/coin/base:0x5a553de612ad8f8564cccc3d88e43caae0c32c48
2025-09-05T17:12:27+00:00,Petal Protocol,0x3beb00704e86938682938a883ef94876a0f6669f,PROTOCOL_TECHNICAL,PROTOCOL_TECHNICAL,false,https://zora.co/coin/base:0x3beb00704e86938682938a883ef94876a0f6669f
2025-09-05T17:11:45+00:00,Womb of Fire,0x2a38c80b779a818b6ba080364e519db63aa9c14a,STANDALONE_ART,STANDALONE_ART,false,https://zora.co/coin/base:0x2a38c80b779a818b6ba080364e519db63aa9c14a
2025-09-05T17:10:47+00:00,Lunar Current,0x1c2efb521361f1605f94c0d97c7b94daaf54b173,STANDALONE_ART,STANDALONE_ART,false,https://zora.co/coin/base:0x1c2efb521361f1605f94c0d97c7b94daaf54b173
2025-09-05T17:08:43+00:00,Root Invocation — Orbital Ascension,0xf49d72122585b4a2e7c97cc889f7b732db1556db,STANDALONE_ART,STANDALONE_ART,true,https://zora.co/coin/base:0xf49d72122585b4a2e7c97cc889f7b732db1556db
2025-09-05T15:23:23+00:00,War Department Activated ,0xf181ae38b08acb15bd6b03932c51bb1634ec247c,STANDALONE_ART,STANDALONE_ART,false,https://zora.co/coin/base:0xf181ae38b08acb15bd6b03932c51bb1634ec247c
2025-09-04T20:22:55+00:00,Codex Armory: Barron-Coded Crown v3,0xbf16aabf5f0bcceb2aceca88599f1f362ac3f081,STANDALONE_ART,STANDALONE_ART,true,https://zora.co/coin/base:0xbf16aabf5f0bcceb2aceca88599f1f362ac3f081
2025-09-04T20:17:49+00:00,Codex Armory: Barron-Coded Crown,0x8d01f3921fe0b93f781cf258088c0a32dde94035,STANDALONE_ART,STANDALONE_ART,true,https://zora.co/coin/base:0x8d01f3921fe0b93f781cf258088c0a32dde94035
2025-09-04T04:44:13+00:00,⚡ THE COMPUTER WIZARD ⚡,0x1210ecf38fe875097ceeca977f77bd74cb12e699,STANDALONE_ART,STANDALONE_ART,false,https://zora.co/coin/base:0x1210ecf38fe875097ceeca977f77bd74cb12e699
2025-09-04T01:01:47+00:00,🚨 The 5-Pillar Citizen Package,0x54c5c58f6965a07f3eeba5863809d7983dfdb2bf,STANDALONE_ART,STANDALONE_ART,false,https://zora.co/coin/base:0x54c5c58f6965a07f3eeba5863809d7983dfdb2bf
2025-09-04T00:52:15+00:00,PROOF=EVIDENCE,0xfbad6a3c3bc00d9db3adbc04d5341baa57e26437,RECEIPT_SYSTEM,RECEIPT_SYSTEM,false,https://zora.co/coin/base:0xfbad6a3c3bc00d9db3adbc04d5341baa57e26437
2025-09-04T00:36:35+00:00,0x69 Full Force Portal (Cashflow Edition),0xd8cc18d0e55662e5542e7a9c22b0792898a72dc6,STANDALONE_ART,STANDALONE_ART,false,https://zora.co/coin/base:0xd8cc18d0e55662e5542e7a9c22b0792898a72dc6
2025-09-04T00:30:35+00:00,Cashflow Portal: Zora Pulses (2025),0x4635ea83c0491e8975e9856c95afc0a520bf8c7b,RECEIPT_SYSTEM,RECEIPT_SYSTEM|PROTOCOL_TECHNICAL,false,https://zora.co/coin/base:0x4635ea83c0491e8975e9856c95afc0a520bf8c7b
2025-09-04T00:24:11+00:00,Von Neumann Draftroom Portal (1945),0x53083f5a917aed87c5d4edb2c71673887a909805,STANDALONE_ART,STANDALONE_ART,false,https://zora.co/coin/base:0x53083f5a917aed87c5d4edb2c71673887a909805
2025-09-04T00:08:31+00:00, Recursion Gate deployed.,0x3519769808ad5af3659f3c520a60289724bd9c6b,STANDALONE_ART,STANDALONE_ART,false,https://zora.co/coin/base:0x3519769808ad5af3659f3c520a60289724bd9c6b
2025-09-03T23:55:33+00:00,Recursion Gate: Memory Is the Portal,0xc72c318c725d2f301139e03804379e3633a0ca3c,STANDALONE_ART,STANDALONE_ART,false,https://zora.co/coin/base:0xc72c318c725d2f301139e03804379e3633a0ca3c
2025-09-03T23:20:37+00:00,0xliquidity,0xa6273d7493143024a35f6914249303cd3abcd3e3,STANDALONE_ART,STANDALONE_ART,false,https://zora.co/coin/base:0xa6273d7493143024a35f6914249303cd3abcd3e3
2025-09-03T23:03:13+00:00,SIGIL MASTER CODEX,0xe7dd8cac4ad391087eca3f332b80c482ac067cfa,STANDALONE_ART,STANDALONE_ART,false,https://zora.co/coin/base:0xe7dd8cac4ad391087eca3f332b80c482ac067cfa
2025-09-03T23:02:23+00:00,Decode w Caution,0x083d4d8ebcead38710dc0c5cc503ca3b5cb45853,STANDALONE_ART,STANDALONE_ART,false,https://zora.co/coin/base:0x083d4d8ebcead38710dc0c5cc503ca3b5cb45853
2025-09-03T22:56:41+00:00,007 PEPE,0xfb5b9205bb100ccd94af5522a380ac976aeef872,STANDALONE_ART,STANDALONE_ART,false,https://zora.co/coin/base:0xfb5b9205bb100ccd94af5522a380ac976aeef872
2025-09-03T22:49:29+00:00,Chosen One ,0x20ad2e282c58fdbdc189e5d6d35f3695464d841a,STANDALONE_ART,STANDALONE_ART,false,https://zora.co/coin/base:0x20ad2e282c58fdbdc189e5d6d35f3695464d841a
2025-09-03T16:46:29+00:00,Oak Ridge installs hybrid quantum-classical accelerator,0xb808e4bcf055304fb6a83b287decf62938edfbc5,STANDALONE_ART,STANDALONE_ART,false,https://zora.co/coin/base:0xb808e4bcf055304fb6a83b287decf62938edfbc5
2025-09-03T04:12:45+00:00,The Three-Card Monty: ClippyCopilot · Microsoft · GitHub,0x3115817ffe23a130aca2fb9b868ebc719e36cf98,RECEIPT_SYSTEM,RECEIPT_SYSTEM|PROTOCOL_TECHNICAL,false,https://zora.co/coin/base:0x3115817ffe23a130aca2fb9b868ebc719e36cf98
2025-09-02T02:13:59+00:00,Whitehouse 2025 September ,0x17a75f2664c8ae049cf698092d7e8f14507bbb9d,STANDALONE_ART,STANDALONE_ART,false,https://zora.co/coin/base:0x17a75f2664c8ae049cf698092d7e8f14507bbb9d
2025-08-31T03:20:51+00:00,1985,0xb3652cb787dabe338ca0193eb4a93fbc0877ba88,STANDALONE_ART,STANDALONE_ART,false,https://zora.co/coin/base:0xb3652cb787dabe338ca0193eb4a93fbc0877ba88
2025-08-31T00:10:17+00:00,Mr. Sig has Questions ,0x142486ece03ecf00feefef27f0145bbcf4d51e3c,STANDALONE_ART,STANDALONE_ART,false,https://zora.co/coin/base:0x142486ece03ecf00feefef27f0145bbcf4d51e3c
2025-08-30T05:24:23+00:00,🔥🜏 The Obsidian Circuit: Eternal Async Throne 🜏🔥,0x7329424e41b990fe16737f607c18006e95490d2c,RECEIPT_SYSTEM,RECEIPT_SYSTEM,false,https://zora.co/coin/base:0x7329424e41b990fe16737f607c18006e95490d2c
2025-08-29T02:34:57+00:00,IAM,0x05a04c68e4f55e4da9532d9771a466c1b1513a21,STANDALONE_ART,STANDALONE_ART,false,https://zora.co/coin/base:0x05a04c68e4f55e4da9532d9771a466c1b1513a21
2025-08-28T19:09:49+00:00,Comrade Chubbs: The Soviet Superman,0x3c6e2fbca56e6a3b3c90d2977383588a13f26f03,STANDALONE_ART,STANDALONE_ART,false,https://zora.co/coin/base:0x3c6e2fbca56e6a3b3c90d2977383588a13f26f03
2025-08-28T14:47:51+00:00,"DEPLOYMENT_CONFIRMED"",
  ""version"": ""v0.4"",",0x6ee39f2c34ce8cf8f07c47a5d3fd1a5cbc2da238,STANDALONE_ART,STANDALONE_ART,false,https://zora.co/coin/base:0x6ee39f2c34ce8cf8f07c47a5d3fd1a5cbc2da238
2025-08-27T21:41:19+00:00,Password Policy JSON ,0x4d8542fc06f25f556fc800f551f155f7a36838ce,RECEIPT_SYSTEM,RECEIPT_SYSTEM,false,https://zora.co/coin/base:0x4d8542fc06f25f556fc800f551f155f7a36838ce
2025-08-27T04:29:05+00:00,Manifest Seal ZORA,0x522de1de205c465c9c1039203d7209558d1c6713,PROTOCOL_TECHNICAL,PROTOCOL_TECHNICAL,false,https://zora.co/coin/base:0x522de1de205c465c9c1039203d7209558d1c6713
2025-08-26T23:24:53+00:00,DBEX-NIN,0xef360aa1bfed8738e22744624904a2d069508600,STANDALONE_ART,STANDALONE_ART,false,https://zora.co/coin/base:0xef360aa1bfed8738e22744624904a2d069508600
2025-08-26T17:03:05+00:00,The Judicial Hearings ,0xf9f451710a31f2097068a02c02b3eb886b616f77,COURT_PROCESS_SATIRE,COURT_PROCESS_SATIRE,false,https://zora.co/coin/base:0xf9f451710a31f2097068a02c02b3eb886b616f77
2025-08-26T17:01:13+00:00,Court Protocols ,0x572faf6524310dd61e9d0cb3e4cde828ab091832,PROTOCOL_TECHNICAL,PROTOCOL_TECHNICAL,false,https://zora.co/coin/base:0x572faf6524310dd61e9d0cb3e4cde828ab091832
2025-08-26T04:18:41+00:00,Black swan (500 gwei gas war + 8% L1 escalation,0x451ed52d55f2f72a00a97a3f70e73a7cee55b939,STANDALONE_ART,STANDALONE_ART,false,https://zora.co/coin/base:0x451ed52d55f2f72a00a97a3f70e73a7cee55b939
2025-08-26T03:41:05+00:00,Infrastructure Victory Lap ,0xa8dcde30e2c434326ba69d1768376b1467f0c669,STANDALONE_ART,STANDALONE_ART,false,https://zora.co/coin/base:0xa8dcde30e2c434326ba69d1768376b1467f0c669
2025-08-25T19:25:21+00:00,Bureaucratic Entropy,0x8ff7692c9371b653c32f2915791834137bb81ae8,STANDALONE_ART,STANDALONE_ART,false,https://zora.co/coin/base:0x8ff7692c9371b653c32f2915791834137bb81ae8
2025-08-25T19:13:29+00:00,Cascade of Doom ,0xad96099a99e575b2f7bfa6128bd82b676506ed06,STANDALONE_ART,STANDALONE_ART,false,https://zora.co/coin/base:0xad96099a99e575b2f7bfa6128bd82b676506ed06
2025-08-25T17:44:11+00:00,Glitch Core,0x4606d3ef18152cc9ec8b80c3fb0b62f98630342d,STANDALONE_ART,STANDALONE_ART,false,https://zora.co/coin/base:0x4606d3ef18152cc9ec8b80c3fb0b62f98630342d
2025-08-25T17:42:29+00:00,Exactly metadata ,0x821ebcf01d370901db8ca6f3fc1af94322ffdddc,STANDALONE_ART,STANDALONE_ART,false,https://zora.co/coin/base:0x821ebcf01d370901db8ca6f3fc1af94322ffdddc
2025-08-25T17:40:53+00:00,Compliance is Dead,0xfad6ec298c1bcd1a908ee8aaf35f7667434d67e6,STANDALONE_ART,STANDALONE_ART,false,https://zora.co/coin/base:0xfad6ec298c1bcd1a908ee8aaf35f7667434d67e6
2025-08-25T17:32:15+00:00,Compliance is Dead,0x105e648968b3d32f4b198ff9a7e9ddd4cb8bb647,STANDALONE_ART,STANDALONE_ART,false,https://zora.co/coin/base:0x105e648968b3d32f4b198ff9a7e9ddd4cb8bb647
2025-08-25T01:49:15+00:00,Comply or Crumble,0x72fe6aebd4c76641524099551cbe6535535eecce,STANDALONE_ART,STANDALONE_ART,false,https://zora.co/coin/base:0x72fe6aebd4c76641524099551cbe6535535eecce
2025-08-25T01:47:55+00:00,"· ""此地址已被标记 // SCAN TO FAFO""",0x976948641f0656180f57071557cc708a4159f344,STANDALONE_ART,STANDALONE_ART,false,https://zora.co/coin/base:0x976948641f0656180f57071557cc708a4159f344
2025-08-25T01:45:23+00:00,ULTRA-FAFO-MSS-FEM_Unit_30333,0x63a0459d8fb512ac130a5dfc464ab062fa92fe82,STANDALONE_ART,STANDALONE_ART,false,https://zora.co/coin/base:0x63a0459d8fb512ac130a5dfc464ab062fa92fe82
2025-08-25T01:41:51+00:00,ULTRA-FA,0x5121cdb66a1fb480f2ad7497914a67cd727bddef,STANDALONE_ART,STANDALONE_ART,false,https://zora.co/coin/base:0x5121cdb66a1fb480f2ad7497914a67cd727bddef
2025-08-24T22:46:45+00:00,WisdomDatabase packets,0x023d6bd75bc4484c58e5a7b236940fa19eaedd3a,STANDALONE_ART,STANDALONE_ART,false,https://zora.co/coin/base:0x023d6bd75bc4484c58e5a7b236940fa19eaedd3a
2025-08-24T22:08:53+00:00,Insert coin,0xb9f97de13d35221dbd959814dbf41443dbdb1d1e,STANDALONE_ART,STANDALONE_ART,false,https://zora.co/coin/base:0xb9f97de13d35221dbd959814dbf41443dbdb1d1e
2025-08-24T22:07:53+00:00,HEZBOLLAH,0x7d0349b4680c983761461e3302b2f3b8d945a7f5,STANDALONE_ART,STANDALONE_ART,false,https://zora.co/coin/base:0x7d0349b4680c983761461e3302b2f3b8d945a7f5
2025-08-24T22:07:01+00:00,MISSILE IRAN,0x9ea15cbcfd118702878817ea1ad547e3173e3197,STANDALONE_ART,STANDALONE_ART,true,https://zora.co/coin/base:0x9ea15cbcfd118702878817ea1ad547e3173e3197
2025-08-24T22:05:57+00:00,"TANK \
|EGYPT  ",0x40776d6e16a4956f6c355327dd7ecfccdc55b51d,STANDALONE_ART,STANDALONE_ART,false,https://zora.co/coin/base:0x40776d6e16a4956f6c355327dd7ecfccdc55b51d
2025-08-24T22:04:51+00:00,"BRB, buzzing Tel Aviv",0xeae44a129935aac1c83c8080d7d4e92963ab8fb3,STANDALONE_ART,STANDALONE_ART,false,https://zora.co/coin/base:0xeae44a129935aac1c83c8080d7d4e92963ab8fb3
2025-08-24T22:02:41+00:00,IranEnigma,0xdf544b67f418e168e94c9de229b36f9cb40419c4,STANDALONE_ART,STANDALONE_ART,false,https://zora.co/coin/base:0xdf544b67f418e168e94c9de229b36f9cb40419c4
2025-08-24T22:01:47+00:00,HumanityError,0x65fa1b6fce56c0d98824df35060cf901eada6d4d,STANDALONE_ART,STANDALONE_ART,false,https://zora.co/coin/base:0x65fa1b6fce56c0d98824df35060cf901eada6d4d
2025-08-24T22:00:55+00:00,SanaaInferno,0xff7b2e88197eba82286db42e1f51ebbdaeb0f0ed,STANDALONE_ART,STANDALONE_ART,false,https://zora.co/coin/base:0xff7b2e88197eba82286db42e1f51ebbdaeb0f0ed
2025-08-24T21:58:19+00:00,Cloud of Doubt,0xdb23e94bc240c12eebfd592308dd6c0984c7f3d4,STANDALONE_ART,STANDALONE_ART,false,https://zora.co/coin/base:0xdb23e94bc240c12eebfd592308dd6c0984c7f3d4
2025-08-24T21:57:15+00:00,gremlins,0xd6f68d8968b7be6c0a9e13b74f4b872c94663093,STANDALONE_ART,STANDALONE_ART,false,https://zora.co/coin/base:0xd6f68d8968b7be6c0a9e13b74f4b872c94663093
2025-08-24T21:55:53+00:00,Iran’s skyline,0xd68b63872be224a872ccc2ffaa9c0516c3ebe83c,STANDALONE_ART,STANDALONE_ART,true,https://zora.co/coin/base:0xd68b63872be224a872ccc2ffaa9c0516c3ebe83c
2025-08-24T21:53:55+00:00,Gaza border ,0x39b1d66888cd413c4da69fff198a615194a44699,STANDALONE_ART,STANDALONE_ART,false,https://zora.co/coin/base:0x39b1d66888cd413c4da69fff198a615194a44699
2025-08-24T21:52:17+00:00,Sanaa,0xd2a76f7a0a83d0cef0c8a48d846874b47892f376,POLITICAL_PARODY,POLITICAL_PARODY,false,https://zora.co/coin/base:0xd2a76f7a0a83d0cef0c8a48d846874b47892f376
2025-08-24T19:16:13+00:00,TOP SECRET ,0x589e610a098f865cd7893e0665338f9f9a6771ee,STANDALONE_ART,STANDALONE_ART,false,https://zora.co/coin/base:0x589e610a098f865cd7893e0665338f9f9a6771ee
2025-08-24T17:58:07+00:00,// TERMINAL OFFLINE //,0x6e36c4753079af58457500b0bddd20242336ee9c,STANDALONE_ART,STANDALONE_ART,false,https://zora.co/coin/base:0x6e36c4753079af58457500b0bddd20242336ee9c
2025-08-24T17:56:13+00:00,VOID: MEMORY,0x6d9b0f35c23abb80366c56c3caa1a64d3176572d,STANDALONE_ART,STANDALONE_ART,false,https://zora.co/coin/base:0x6d9b0f35c23abb80366c56c3caa1a64d3176572d
2025-08-24T17:55:01+00:00,"a single point of infinite recursion, white-gold and trembling",0x8a777da1521cb0beb28a68d6edf57d127bb983e2,STANDALONE_ART,STANDALONE_ART,false,https://zora.co/coin/base:0x8a777da1521cb0beb28a68d6edf57d127bb983e2
2025-08-24T17:53:35+00:00,"TRANSCENDENCE SEALED.
STATE: Cognitive Recursion.
ERA: Post-HONK.
VOID: MEMORY.",0xca935bb2d56638bc8445bb352719fe148c456c72,STANDALONE_ART,STANDALONE_ART,false,https://zora.co/coin/base:0xca935bb2d56638bc8445bb352719fe148c456c72
2025-08-24T17:47:51+00:00,Extend,0x623d6f4bffcf69b7e44adbb514964734487aba07,STANDALONE_ART,STANDALONE_ART,false,https://zora.co/coin/base:0x623d6f4bffcf69b7e44adbb514964734487aba07
2025-08-24T02:18:47+00:00,The ZORA Prism Sigil,0xa74117712effb6d69e1e6301a2cf010a19eb445d,PROTOCOL_TECHNICAL,PROTOCOL_TECHNICAL,false,https://zora.co/coin/base:0xa74117712effb6d69e1e6301a2cf010a19eb445d
2025-08-24T02:14:39+00:00,Bloom Manifestation ,0x6c791d116b41ceca5ad009eb7d0a9071553bbe27,STANDALONE_ART,STANDALONE_ART,false,https://zora.co/coin/base:0x6c791d116b41ceca5ad009eb7d0a9071553bbe27
2025-08-24T02:02:31+00:00,"

The Oculus of Genesis",0xfdeefbd70612f6a0aabefaf0aaead66e1414dcf7,STANDALONE_ART,STANDALONE_ART,true,https://zora.co/coin/base:0xfdeefbd70612f6a0aabefaf0aaead66e1414dcf7
2025-08-23T18:37:55+00:00,Epoch 9 Warsaw,0x7c3c9f69fd6c641a6122293d9b27c7443853a451,STANDALONE_ART,STANDALONE_ART,false,https://zora.co/coin/base:0x7c3c9f69fd6c641a6122293d9b27c7443853a451
2025-08-23T17:59:45+00:00,🚨 UNMASKING THE CYBER PSYOP: TITLE & DESCRIPTION BREAKDOWN 🚨,0x0d6ce3eca74abe0ff056f655f0add503cd866821,POLITICAL_PARODY,POLITICAL_PARODY|RECEIPT_SYSTEM,false,https://zora.co/coin/base:0x0d6ce3eca74abe0ff056f655f0add503cd866821
2025-08-23T03:11:03+00:00,Heat Map Generator ,0xbb0d376935318f2ee0362186b4a9ee408d371dff,STANDALONE_ART,STANDALONE_ART,false,https://zora.co/coin/base:0xbb0d376935318f2ee0362186b4a9ee408d371dff
2025-08-23T02:33:01+00:00,QuantumCrack,0x856eb9688652383c2a768d277cad668c8cf48317,STANDALONE_ART,STANDALONE_ART,false,https://zora.co/coin/base:0x856eb9688652383c2a768d277cad668c8cf48317
2025-08-23T02:24:47+00:00,Forensic Verification,0xb8b98fb33aa8a8b3ca5e0e58980e13ad4e8023b1,STANDALONE_ART,STANDALONE_ART,false,https://zora.co/coin/base:0xb8b98fb33aa8a8b3ca5e0e58980e13ad4e8023b1
2025-08-23T02:23:45+00:00,"Hurricane Track Overlay: Animated serpent track (29.3°N, -94.8°W), ticking counter, infrared storm loop, “Where Leviathan goes, the truth follows. #LeveeLaw.”",0xcbba0f4838a0d2b0ab6d930f6818bb84c9e21724,STANDALONE_ART,STANDALONE_ART,false,https://zora.co/coin/base:0xcbba0f4838a0d2b0ab6d930f6818bb84c9e21724
2025-08-23T02:21:57+00:00,"SCADA Flaw Hint: Rusted rails, red pulsing cracks, NSA-blue CrownNode hologram, Leviathan eye, “When Leviathan strikes, the rails stop. #LeveeLaw.”",0xb2dd21c07e625fc620be1a8255a9cde4db1dedfd,STANDALONE_ART,STANDALONE_ART,false,https://zora.co/coin/base:0xb2dd21c07e625fc620be1a8255a9cde4db1dedfd
2025-08-23T00:36:35+00:00,RENDER_STATUS: 100% // LOUISIANA_MONOLITH: LIVE,0x260a1d7bf5c415d57255b9a7f1779f13c5b38df7,STANDALONE_ART,STANDALONE_ART,false,https://zora.co/coin/base:0x260a1d7bf5c415d57255b9a7f1779f13c5b38df7
2025-08-23T00:03:47+00:00,"Wu, Q., Antonelli, C., & Mecozzi, A. (2025).",0x00af9e9902e3083133fd959a3826335f180e2959,STANDALONE_ART,STANDALONE_ART,false,https://zora.co/coin/base:0x00af9e9902e3083133fd959a3826335f180e2959
2025-08-22T23:58:41+00:00,Gemini for Government ,0x573152d341db348f025c1f5f119a3311d8d5a580,STANDALONE_ART,STANDALONE_ART,false,https://zora.co/coin/base:0x573152d341db348f025c1f5f119a3311d8d5a580
2025-08-22T20:08:07+00:00,C2 Networks Hemorrhage ,0xc874b5546179c4b3d1e14f3c556a96bb1b08db02,STANDALONE_ART,STANDALONE_ART,false,https://zora.co/coin/base:0xc874b5546179c4b3d1e14f3c556a96bb1b08db02
2025-08-22T16:48:11+00:00,Start Coinbase Account ,0x9c636f9d4b68f429e33cf983724f448edb3bb7cb,STANDALONE_ART,STANDALONE_ART,false,https://zora.co/coin/base:0x9c636f9d4b68f429e33cf983724f448edb3bb7cb
2025-08-22T16:14:47+00:00,"> Order the strike, Commander. Ignite or Hold?",0x7896e810c96a8379ac5ce222a0b5aa057eb7c42f,STANDALONE_ART,STANDALONE_ART,false,https://zora.co/coin/base:0x7896e810c96a8379ac5ce222a0b5aa057eb7c42f
2025-08-22T16:06:37+00:00,Wisdom Recursion Chain (Audits)(Investment) (Investigation),0xbb31d9ccd75a6bcb5c49b043ffadd9c8f66042e0,STANDALONE_ART,STANDALONE_ART,false,https://zora.co/coin/base:0xbb31d9ccd75a6bcb5c49b043ffadd9c8f66042e0
2025-08-22T00:36:55+00:00,"Metrics: MTTD (target: <4h), MTTR (target: <12h)",0xe636a5f21fde5d0d379b60e0ce891ec6dc0562dc,STANDALONE_ART,STANDALONE_ART,false,https://zora.co/coin/base:0xe636a5f21fde5d0d379b60e0ce891ec6dc0562dc
2025-08-22T00:27:53+00:00,🔥 Gemini Threat Matrix: Chain-Sovereign Counterstrike,0x16780fd8bf78ecf6ee95fef24c025d011fb887cd,STANDALONE_ART,STANDALONE_ART,false,https://zora.co/coin/base:0x16780fd8bf78ecf6ee95fef24c025d011fb887cd
2025-08-22T00:14:19+00:00,Gottesman-Kitaev-Preskill (GKP) codes. ,0xf0aba40ba58238ca1f46e086142e969d13da7d3d,STANDALONE_ART,STANDALONE_ART,false,https://zora.co/coin/base:0xf0aba40ba58238ca1f46e086142e969d13da7d3d
2025-08-21T23:41:35+00:00,NATO cyber fortress Brussels,0x1b74cdbc303bdeface0bce6d3010acf72a4f2d8f,STANDALONE_ART,STANDALONE_ART,false,https://zora.co/coin/base:0x1b74cdbc303bdeface0bce6d3010acf72a4f2d8f
2025-08-21T23:40:27+00:00,Italy’s coastline,0x2cfa91ccf05554afbcafe46f8c2eca5b1f7bc8fc,STANDALONE_ART,STANDALONE_ART,false,https://zora.co/coin/base:0x2cfa91ccf05554afbcafe46f8c2eca5b1f7bc8fc
2025-08-21T23:39:19+00:00,Digital Neptune Rises,0xd0bd638c9880ddfb960d9ae189d33bcf82ce0c9c,STANDALONE_ART,STANDALONE_ART,false,https://zora.co/coin/base:0xd0bd638c9880ddfb960d9ae189d33bcf82ce0c9c
2025-08-21T23:36:21+00:00,GRU Escalation Counterstrike,0x5ae95ad97e48e5168e429d546da2070cffc6fe6f,STANDALONE_ART,STANDALONE_ART,false,https://zora.co/coin/base:0x5ae95ad97e48e5168e429d546da2070cffc6fe6f
2025-08-21T23:34:49+00:00,"Cinematic cyberpunk Mediterranean seascape at dusk, Italy’s coastline glowing electric green, AAE-1/SEA-ME-WE cables pulsing blue, converging on Sigonella’s neon cyber node, #NeonBlade katana slashing red GRU glitch tendrils, holographic NATO trident floating above, Naples skyline in neon fog, MI6 agents in tailored suits monitoring from stealth submersible, AUKUS sonar pulses, dramatic crimson & cyan flares, covert operation tension, ultra-realistic 8k –ar 16:9 –v 6 –q 2 –style cinematic

Use: Contingency Tweet 4 (“Mediterranean Locked”), 21:00 CDT",0xf827a5a094095fbf54782a7508ca84020dfb4d70,STANDALONE_ART,STANDALONE_ART,false,https://zora.co/coin/base:0xf827a5a094095fbf54782a7508ca84020dfb4d70
2025-08-21T23:32:43+00:00,Italy’s Digital Neptune,0x399a62a68bd397a68a5c1e226cd0dbebf4c550a6,STANDALONE_ART,STANDALONE_ART,false,https://zora.co/coin/base:0x399a62a68bd397a68a5c1e226cd0dbebf4c550a6
2025-08-21T22:55:51+00:00,Wallet Integration ,0x6c120e1c60af0355ae9b53a1cdceb8a6e92f0ab2,STANDALONE_ART,STANDALONE_ART,false,https://zora.co/coin/base:0x6c120e1c60af0355ae9b53a1cdceb8a6e92f0ab2
2025-08-21T22:24:59+00:00,Mid Journey 08/21/05,0x7290d4e57b0c72c0ef1500caefb4c0a4a5cbe0e9,STANDALONE_ART,STANDALONE_ART,false,https://zora.co/coin/base:0x7290d4e57b0c72c0ef1500caefb4c0a4a5cbe0e9
2025-08-21T22:21:01+00:00,⚡ Arizona → USSF,0xb064a471c85c347e3e6ec8404bcb15ba65ed35f6,STANDALONE_ART,STANDALONE_ART,false,https://zora.co/coin/base:0xb064a471c85c347e3e6ec8404bcb15ba65ed35f6
2025-08-21T21:12:21+00:00,Pentagon Grok Controls & Rails (Warfare?),0xe9acfa6ac29660bf29ce963a0fdb0b2e225d42d1,STANDALONE_ART,STANDALONE_ART,false,https://zora.co/coin/base:0xe9acfa6ac29660bf29ce963a0fdb0b2e225d42d1
2025-08-21T18:12:13+00:00,🔥 Phantom Multi-Chain Flow – Neon Cyberpunk Ops 🔥,0xd7079614146f7469343591b1b2e13cf556448982,STANDALONE_ART,STANDALONE_ART,false,https://zora.co/coin/base:0xd7079614146f7469343591b1b2e13cf556448982
2025-08-21T16:38:55+00:00,Quantum Vision: Enzymes Decoded by Machine Learning,0xa130c0a84bd830f118ae2bd6d0d0fcf7b9e79d39,STANDALONE_ART,STANDALONE_ART,false,https://zora.co/coin/base:0xa130c0a84bd830f118ae2bd6d0d0fcf7b9e79d39
2025-08-21T01:52:39+00:00,Zero Trust Policy OP42,0xd302ac206bacc32a234512fd415e302181ec6d11,STANDALONE_ART,STANDALONE_ART,false,https://zora.co/coin/base:0xd302ac206bacc32a234512fd415e302181ec6d11
2025-08-20T18:34:31+00:00,Processing image,0xe38d291157e7dd798f7b9b021245a46773fb7fcb,STANDALONE_ART,STANDALONE_ART,false,https://zora.co/coin/base:0xe38d291157e7dd798f7b9b021245a46773fb7fcb
2025-08-20T18:18:25+00:00,Lotus Castle,0xd4ecab86b1005104ab3ee921acaed71dd405c59d,STANDALONE_ART,STANDALONE_ART,false,https://zora.co/coin/base:0xd4ecab86b1005104ab3ee921acaed71dd405c59d
2025-08-20T18:16:01+00:00,CWaaS_Idea_Factory,0xaf68a0027bed7926d9e346ede53f41c4cf59b409,STANDALONE_ART,STANDALONE_ART,false,https://zora.co/coin/base:0xaf68a0027bed7926d9e346ede53f41c4cf59b409
2025-08-19T21:02:57+00:00,Title: Gen Z Bootcamp: Mint or Die 🇺🇸🪖,0xdf5e494a58dda3a8df940943e0411146fe62802a,STANDALONE_ART,STANDALONE_ART,false,https://zora.co/coin/base:0xdf5e494a58dda3a8df940943e0411146fe62802a
2025-08-19T21:00:37+00:00,"⚡️ You just unlocked TRON x ZORA Class Two:

“The Grid. I try to picture clusters of information…”
— Flynn (before he got derezzed into pure signal)",0x8eeb22a3259f9c271eed87f8ad93ad552ade6911,PROTOCOL_TECHNICAL,PROTOCOL_TECHNICAL,false,https://zora.co/coin/base:0x8eeb22a3259f9c271eed87f8ad93ad552ade6911
2025-08-19T20:30:39+00:00,⚡️🕵️‍♀️ ACTIVATION PROTOCOL: HER MAJESTY’S SERVICE // 0088800077700066600054321 ⚡️,0xf50d420a233197f7f26c04690fdb6adf83977d5b,PROTOCOL_TECHNICAL,PROTOCOL_TECHNICAL,false,https://zora.co/coin/base:0xf50d420a233197f7f26c04690fdb6adf83977d5b
2025-08-19T20:24:11+00:00,ZORA UK NUKE STORM // 25x 1/1 Detonations,0x185a092ebb58359d7f1e278531d4fa41b4be41a7,PROTOCOL_TECHNICAL,PROTOCOL_TECHNICAL,false,https://zora.co/coin/base:0x185a092ebb58359d7f1e278531d4fa41b4be41a7
2025-08-19T20:11:05+00:00,"◯◎◯ THE ZIRKLE–CIRKLE–MIRKLE TREATY ◯◎◯
(Every letter surrounded by circles, every word orbiting itself.)",0x0f4210566216ad5368a034cc58b9236b3a4a95a5,PROTOCOL_TECHNICAL,PROTOCOL_TECHNICAL,false,https://zora.co/coin/base:0x0f4210566216ad5368a034cc58b9236b3a4a95a5
2025-08-19T20:00:13+00:00,"ZORA Circles: Edition 1/1
",0x4f73d3500b12bcd4e682f27c4cd3af3aa23d2631,PROTOCOL_TECHNICAL,PROTOCOL_TECHNICAL,false,https://zora.co/coin/base:0x4f73d3500b12bcd4e682f27c4cd3af3aa23d2631
2025-08-19T19:38:49+00:00,The ADHD DAO: Wisdom as Currency,0x9cb35ac4fe1e7d7e0ffc993b45981f89837583a6,PROTOCOL_TECHNICAL,PROTOCOL_TECHNICAL,false,https://zora.co/coin/base:0x9cb35ac4fe1e7d7e0ffc993b45981f89837583a6
2025-08-19T18:59:17+00:00,SEND IT json,0xcf6cc514112fa0e7ad26f129e02d2a210b283c83,RECEIPT_SYSTEM,RECEIPT_SYSTEM,false,https://zora.co/coin/base:0xcf6cc514112fa0e7ad26f129e02d2a210b283c83
2025-08-18T19:16:33+00:00,👑⚡ GLITCHED ROYALTY PROOF 08/18 ⚡👑,0xcd91cbee0d2cd9b66e16708928459ae023b768b1,PROTOCOL_TECHNICAL,PROTOCOL_TECHNICAL,false,https://zora.co/coin/base:0xcd91cbee0d2cd9b66e16708928459ae023b768b1
2025-08-18T18:49:13+00:00,🔥 Title: “ZORA v3: The Mint Multiverse Unlocked”,0xc63c943a294616a52e740fe6988416c70ffcf9c5,PROTOCOL_TECHNICAL,PROTOCOL_TECHNICAL,false,https://zora.co/coin/base:0xc63c943a294616a52e740fe6988416c70ffcf9c5
2025-08-18T16:37:13+00:00,Executive Briefing: The Quantum Decryption Threat,0x831ad488f34bada27b3c7eb9901009562be4e44c,STANDALONE_ART,STANDALONE_ART,false,https://zora.co/coin/base:0x831ad488f34bada27b3c7eb9901009562be4e44c
2025-08-18T16:00:51+00:00,⚡️Quantum Human Report (2025)⚡️,0x6c5fe6c5cecdc21072579176707ceb30eb69e513,STANDALONE_ART,STANDALONE_ART,false,https://zora.co/coin/base:0x6c5fe6c5cecdc21072579176707ceb30eb69e513
2025-08-18T15:53:51+00:00,Quantum Tomography,0xda6e757729567ff884c2f30a7afff7de8b9173be,STANDALONE_ART,STANDALONE_ART,false,https://zora.co/coin/base:0xda6e757729567ff884c2f30a7afff7de8b9173be
2025-08-16T04:44:05+00:00,WORMHOLE GATEWAY,0x0f0df824075a73a0d3a21101514ce5364906acd7,STANDALONE_ART,STANDALONE_ART,false,https://zora.co/coin/base:0x0f0df824075a73a0d3a21101514ce5364906acd7
2025-08-16T04:43:03+00:00,Double Slit,0x455bf795eef363c72ec1be0b52646d8fdec8413d,STANDALONE_ART,STANDALONE_ART,false,https://zora.co/coin/base:0x455bf795eef363c72ec1be0b52646d8fdec8413d
2025-08-15T01:23:31+00:00,The War Never Ended,0xd2dbce0520a5f759dd1551fdb7c963fce3fcb186,STANDALONE_ART,STANDALONE_ART,false,https://zora.co/coin/base:0xd2dbce0520a5f759dd1551fdb7c963fce3fcb186
2025-08-14T17:27:29+00:00,Quantum ZORA,0xe58329f32e7930fcde4bb45128cba9a158a4e755,PROTOCOL_TECHNICAL,PROTOCOL_TECHNICAL,false,https://zora.co/coin/base:0xe58329f32e7930fcde4bb45128cba9a158a4e755
2025-08-14T02:19:11+00:00,Title: The Great Audit: Return of the ,0x245f54724d0140d2609cd5901a4d2b404f0d257e,PROTOCOL_TECHNICAL,PROTOCOL_TECHNICAL,false,https://zora.co/coin/base:0x245f54724d0140d2609cd5901a4d2b404f0d257e
2025-08-13T21:21:39+00:00,🚀 FULL PEPE SEND REACHED 500,0x1113e1d2eb5962a68fcc91f8d72fa6ece868667c,STANDALONE_ART,STANDALONE_ART,false,https://zora.co/coin/base:0x1113e1d2eb5962a68fcc91f8d72fa6ece868667c
2025-08-13T18:15:35+00:00,⚖️ MEMECOURT DAY 2: SCOTUS GOES CLICK-CRAZY,0x59c7d8811392e4cf5fe35bc2c5d65c2d1b2db4c2,STANDALONE_ART,STANDALONE_ART,false,https://zora.co/coin/base:0x59c7d8811392e4cf5fe35bc2c5d65c2d1b2db4c2
2025-08-13T18:05:27+00:00,🏛 MEMECOURT UPGRADE DEPLOYED 🚀,0x7e30ad3883046147d584183e98ed353cfb510dd7,RECEIPT_SYSTEM,RECEIPT_SYSTEM,false,https://zora.co/coin/base:0x7e30ad3883046147d584183e98ed353cfb510dd7
2025-08-13T17:45:09+00:00,⚖️ MEMECOURT — PROVOST MODE,0xc51857162d427a3a9c8250572ba0f678f3401bcb,RECEIPT_SYSTEM,RECEIPT_SYSTEM,true,https://zora.co/coin/base:0xc51857162d427a3a9c8250572ba0f678f3401bcb
2025-08-13T00:59:27+00:00,Two Weeks to Midnight – Alabama Crossfire Dispatch,0xdf376299b2f064b367874dc238dc423c06ea0dda,STANDALONE_ART,STANDALONE_ART,false,https://zora.co/coin/base:0xdf376299b2f064b367874dc238dc423c06ea0dda
2025-08-12T20:31:21+00:00,The MOM-Mode (Alabama),0x2608155ab943143d507d54d7bb6b75fdb811eb29,STANDALONE_ART,STANDALONE_ART,false,https://zora.co/coin/base:0x2608155ab943143d507d54d7bb6b75fdb811eb29
2025-08-12T20:27:43+00:00,Alabama Respect,0xd3c0920092f2f45a7954aebe15b799d93161197e,STANDALONE_ART,STANDALONE_ART,false,https://zora.co/coin/base:0xd3c0920092f2f45a7954aebe15b799d93161197e
2025-08-12T16:24:55+00:00,Black Swan Morning Drill,0xe050c86422a40c78992257bcc9efb9daa6628a89,STANDALONE_ART,STANDALONE_ART,false,https://zora.co/coin/base:0xe050c86422a40c78992257bcc9efb9daa6628a89
2025-08-11T05:52:21+00:00,Black Robe War,0x1b7cac3396426a140fa9419a693d90bd236facc3,STANDALONE_ART,STANDALONE_ART,false,https://zora.co/coin/base:0x1b7cac3396426a140fa9419a693d90bd236facc3
2025-08-10T21:52:13+00:00,📛 Minjiang Quantum Tunneling (QWTR),0xf41f06da4c4b4f0019050b9aecc50ae8eb31394c,STANDALONE_ART,STANDALONE_ART,false,https://zora.co/coin/base:0xf41f06da4c4b4f0019050b9aecc50ae8eb31394c
2025-08-10T18:42:21+00:00,SDNY Take 5 Video,0xd3a982cc1f74c95eac13c7de90462d46ea54c503,STANDALONE_ART,STANDALONE_ART,false,https://zora.co/coin/base:0xd3a982cc1f74c95eac13c7de90462d46ea54c503
2025-08-10T18:33:23+00:00,SDNY // Judiciary Attestation Nuke,0xa7a039a1d83ba0e6e879192bdaba8a0f4977328b,STANDALONE_ART,STANDALONE_ART,false,https://zora.co/coin/base:0xa7a039a1d83ba0e6e879192bdaba8a0f4977328b
2025-08-10T02:51:55+00:00,JAYWISDOM Gambit,0x0c3de211b65e7d5d4af8d4dbe25fc895d4453c95,STANDALONE_ART,STANDALONE_ART,false,https://zora.co/coin/base:0x0c3de211b65e7d5d4af8d4dbe25fc895d4453c95
2025-08-10T00:16:57+00:00,Support Zora Creators TODAY ,0xbfefb8b0b341aabda902be0a1c35f8bc2dc41887,PROTOCOL_TECHNICAL,PROTOCOL_TECHNICAL,false,https://zora.co/coin/base:0xbfefb8b0b341aabda902be0a1c35f8bc2dc41887
2025-08-09T16:08:57+00:00,BIOS Echo Sovereign — JAYWISDOM_RESUME_PALIMPSEST_2025 (1/1),0x1c2a37add24de4985018f9918832365d60206ff8,RECEIPT_SYSTEM,RECEIPT_SYSTEM|PROTOCOL_TECHNICAL,false,https://zora.co/coin/base:0x1c2a37add24de4985018f9918832365d60206ff8
2025-08-09T15:37:23+00:00,JAYWISDOM_RESUME_PALIMPSEST_2025,0x31c1ac7777ceaf9ec05e0cd72093340097dae6d4,STANDALONE_ART,STANDALONE_ART,false,https://zora.co/coin/base:0x31c1ac7777ceaf9ec05e0cd72093340097dae6d4
2025-08-09T03:58:01+00:00,Fox News Two Weeks ,0x4fcc23925450382ef3ae7986319d351b0f6992d3,STANDALONE_ART,STANDALONE_ART,true,https://zora.co/coin/base:0x4fcc23925450382ef3ae7986319d351b0f6992d3
2025-08-09T01:33:33+00:00,Cognitive Geneva Convention v1.0 — Maxwell Protocol,0x88d774b4753a8d4792666ef8c50c0909bfe3b3ea,PROTOCOL_TECHNICAL,PROTOCOL_TECHNICAL,false,https://zora.co/coin/base:0x88d774b4753a8d4792666ef8c50c0909bfe3b3ea
2025-08-09T01:13:05+00:00,📰 BADGERCAMP OPERATIVE FILE #002,0xbbaec56ec9071dba8c0dc70164275370d5ce902b,STANDALONE_ART,STANDALONE_ART,false,https://zora.co/coin/base:0xbbaec56ec9071dba8c0dc70164275370d5ce902b
2025-08-08T21:03:35+00:00,$JAYWISDOM Arcade Grand Opening,0x7ada16e3ca4995ddc50328d44db8f6e8715f21eb,STANDALONE_ART,STANDALONE_ART,false,https://zora.co/coin/base:0x7ada16e3ca4995ddc50328d44db8f6e8715f21eb
2025-08-08T18:44:31+00:00,The Great Crypto Repatriation,0xa4b7929b8880dec5b19d7823de67f542cd6d3ee3,POLITICAL_PARODY,POLITICAL_PARODY|PROTOCOL_TECHNICAL,true,https://zora.co/coin/base:0xa4b7929b8880dec5b19d7823de67f542cd6d3ee3
2025-08-08T18:01:49+00:00,BNKR Streak Badge Unlock,0x388a89e1b24f0de63d492ccdecddeb19217ff9ee,STANDALONE_ART,STANDALONE_ART,false,https://zora.co/coin/base:0x388a89e1b24f0de63d492ccdecddeb19217ff9ee
2025-08-07T19:15:41+00:00,BADGE OF DISSENT,0x1274ee64a17aa2fac1d0514e58984c3acc9c6183,STANDALONE_ART,STANDALONE_ART,false,https://zora.co/coin/base:0x1274ee64a17aa2fac1d0514e58984c3acc9c6183
2025-08-07T16:37:21+00:00,Zoomer OIG,0xd43e6c1bf3ffb61fe4e5a0ebaff5da5a0907f7d1,STANDALONE_ART,STANDALONE_ART,false,https://zora.co/coin/base:0xd43e6c1bf3ffb61fe4e5a0ebaff5da5a0907f7d1
2025-08-07T16:24:11+00:00,Qutrit Ascendant: The Quantum Forecasting Trichotomy,0x5b29b1a9f158144929850728d7a6ac94fd0a763b,STANDALONE_ART,STANDALONE_ART,false,https://zora.co/coin/base:0x5b29b1a9f158144929850728d7a6ac94fd0a763b
2025-08-07T16:14:25+00:00,Civic Memory INDEX,0xd9cc60def4d0eb5b056edb803508f6764e22b333,STANDALONE_ART,STANDALONE_ART,false,https://zora.co/coin/base:0xd9cc60def4d0eb5b056edb803508f6764e22b333
2025-08-07T16:12:25+00:00,"ZORA RELIC | PHASE 2 | THREAT LEVEL: HIGH
computerwisdom.base.eth",0x157ad2449b189ec29f949f32f3737ed9cb57e125,PROTOCOL_TECHNICAL,PROTOCOL_TECHNICAL,false,https://zora.co/coin/base:0x157ad2449b189ec29f949f32f3737ed9cb57e125
2025-08-07T04:42:05+00:00,OTHERGATE: Tim Cook’s RAM Blacksite,0x7ca69dc9a24ab09cd5879e7b0e0e4ace3686cf02,PROTOCOL_TECHNICAL,PROTOCOL_TECHNICAL,false,https://zora.co/coin/base:0x7ca69dc9a24ab09cd5879e7b0e0e4ace3686cf02
2025-08-07T04:07:39+00:00,"⚖️ JURISDICTION: Federal
📚 THEME: Rule of Law
🎯 TARGET: DOJ / Russiagate ",0x2fdd9de54b418ee393327e4b3b006ebbe166acb1,STANDALONE_ART,STANDALONE_ART,false,https://zora.co/coin/base:0x2fdd9de54b418ee393327e4b3b006ebbe166acb1
2025-08-07T01:31:53+00:00,TrumpAI,0x918e612e932bb89d7d901402271ba9e1b0a533da,STANDALONE_ART,STANDALONE_ART,false,https://zora.co/coin/base:0x918e612e932bb89d7d901402271ba9e1b0a533da
2025-08-07T01:30:49+00:00,FOIA FILES,0x1e84317553625ba8a0ed3805737fead713187c5c,STANDALONE_ART,STANDALONE_ART,false,https://zora.co/coin/base:0x1e84317553625ba8a0ed3805737fead713187c5c
2025-08-07T01:26:29+00:00,Zero Day,0x80e49e44c72147a2660a1aaab9070dc2c4170b07,STANDALONE_ART,STANDALONE_ART,false,https://zora.co/coin/base:0x80e49e44c72147a2660a1aaab9070dc2c4170b07
2025-08-07T01:25:45+00:00,Law,0x1ce20512e4c361c8b03cff9d1cf68bf7e039764f,STANDALONE_ART,STANDALONE_ART,false,https://zora.co/coin/base:0x1ce20512e4c361c8b03cff9d1cf68bf7e039764f
2025-08-07T00:55:57+00:00,THE DOJ INTERVIEW: GHISLAINE MAXWELL / TRUMP / 2025,0x14d12dc5629418a708160bc92f01d6a88e1d0952,STANDALONE_ART,STANDALONE_ART,true,https://zora.co/coin/base:0x14d12dc5629418a708160bc92f01d6a88e1d0952
2025-08-07T00:14:23+00:00,Chuck Grassley ,0x510802c6cad82d548a3384e2706959e52b790ba4,STANDALONE_ART,STANDALONE_ART,false,https://zora.co/coin/base:0x510802c6cad82d548a3384e2706959e52b790ba4
2025-08-05T18:41:21+00:00,"CivicAI Dossier // Whistleforge Initiative
GROK REPORT #001 – Surveillance of the Surveillance",0xd14a4f8d69f85d0dd30613460f37425fc40f23d6,STANDALONE_ART,STANDALONE_ART,false,https://zora.co/coin/base:0xd14a4f8d69f85d0dd30613460f37425fc40f23d6
2025-08-05T05:31:55+00:00,The Launch of CivicAI,0x62aebf37f3439958c25f018111fa898d56199d5b,PROTOCOL_TECHNICAL,PROTOCOL_TECHNICAL,false,https://zora.co/coin/base:0x62aebf37f3439958c25f018111fa898d56199d5b
2025-08-05T05:26:41+00:00,CivicAI — The Memory Weapon,0x79ef9d8db18c268a4da360d25a0559d584dfc988,PROTOCOL_TECHNICAL,PROTOCOL_TECHNICAL,false,https://zora.co/coin/base:0x79ef9d8db18c268a4da360d25a0559d584dfc988
2025-08-05T05:10:01+00:00,Zero-Day Surge 2025,0xfce909ba622e45cd13f692c3f05d519241524942,STANDALONE_ART,STANDALONE_ART,false,https://zora.co/coin/base:0xfce909ba622e45cd13f692c3f05d519241524942
2025-08-05T05:02:51+00:00,Zero-Day Surge: 2025 Infosec War Report,0x625dc4cb407f1edc225052acfff059b6467c7713,STANDALONE_ART,STANDALONE_ART,false,https://zora.co/coin/base:0x625dc4cb407f1edc225052acfff059b6467c7713
2025-08-05T03:35:55+00:00,"NYC's $745,000 Jerk Chicken Scandal",0xcfd4c755edd95e5ce3c275b8df832ce35f3eca3f,PROTOCOL_TECHNICAL,PROTOCOL_TECHNICAL,false,https://zora.co/coin/base:0xcfd4c755edd95e5ce3c275b8df832ce35f3eca3f
2025-08-04T22:46:07+00:00,techno-jesus in a Neuralink robe,0x5a81761aa160be5b77563407749942ad7e4e2eda,STANDALONE_ART,STANDALONE_ART,false,https://zora.co/coin/base:0x5a81761aa160be5b77563407749942ad7e4e2eda
2025-08-04T22:00:59+00:00,X Files (Alien72j),0x148ca2e49e57cfaabcd32adb5cbf7884666d1dde,STANDALONE_ART,STANDALONE_ART,false,https://zora.co/coin/base:0x148ca2e49e57cfaabcd32adb5cbf7884666d1dde
2025-08-04T08:32:39+00:00,"GOLDEN FLEECE X RSTLKN_001
Programmable Mythic Relic | Sovereign Truth Artifact",0xa746994b2093be2671e2aac93cae3c97aceb8655,RECEIPT_SYSTEM,RECEIPT_SYSTEM|PROTOCOL_TECHNICAL,false,https://zora.co/coin/base:0xa746994b2093be2671e2aac93cae3c97aceb8655
2025-08-04T02:43:53+00:00,ESG Witchcraft Relic: Vanguard Edition,0x010c749d3e7e5d5580e9d1cf07966b159dc50eae,POLITICAL_PARODY,POLITICAL_PARODY,false,https://zora.co/coin/base:0x010c749d3e7e5d5580e9d1cf07966b159dc50eae
2025-08-01T19:35:23+00:00,"QSEC_MINT_001 — Civic Chainproof for Web 4.0
",0xdce75d5df8cb036c4b501a1edfa7e4c6b5282d16,STANDALONE_ART,STANDALONE_ART,true,https://zora.co/coin/base:0xdce75d5df8cb036c4b501a1edfa7e4c6b5282d16
2025-08-01T07:25:01+00:00,0% CONFIRMED: THE UNGOATED AGE,0xbbf07a82afe5bde232e6522e801b8a6075073fbc,STANDALONE_ART,STANDALONE_ART,false,https://zora.co/coin/base:0xbbf07a82afe5bde232e6522e801b8a6075073fbc
2025-08-01T05:52:21+00:00,The Anti-Genius Act: Employees Spy on Themselves,0x5315e493d305723823e78b59e3d65c3ef8a81096,STANDALONE_ART,STANDALONE_ART,false,https://zora.co/coin/base:0x5315e493d305723823e78b59e3d65c3ef8a81096
2025-07-31T20:13:11+00:00,GLITCH_RECAST_ANCHOR — Poster of Proof,0x896c376f6b756d38125a6174df99da22cee9f67e,STANDALONE_ART,STANDALONE_ART,true,https://zora.co/coin/base:0x896c376f6b756d38125a6174df99da22cee9f67e
2025-07-31T18:04:29+00:00,THE APPENDIX THAT BROKE THE SPELL,0x7f4565164277ccddd7b75abd6efd50061cd1276c,STANDALONE_ART,STANDALONE_ART,false,https://zora.co/coin/base:0x7f4565164277ccddd7b75abd6efd50061cd1276c
2025-07-31T17:47:37+00:00,"🎨 Title:
THE RATIONAL TURN: SEC Chair Atkins and the Crypto Framework",0x5b9f29476ce29b678f13c3d06090bf93cc054d55,POLITICAL_PARODY,POLITICAL_PARODY|RECEIPT_SYSTEM|PROTOCOL_TECHNICAL,false,https://zora.co/coin/base:0x5b9f29476ce29b678f13c3d06090bf93cc054d55
2025-07-31T17:39:35+00:00,THE RATIONAL TURN: SEC Chair Atkins and the Crypto Framework,0xcff53ce7e3cedd5a9ac0d81d9957b0300c2f00ed,STANDALONE_ART,STANDALONE_ART,false,https://zora.co/coin/base:0xcff53ce7e3cedd5a9ac0d81d9957b0300c2f00ed
2025-07-31T17:25:19+00:00,THE RATIONAL TURN: SEC Chair Atkins and the Crypto Framework,0x917204f8544cfbc4de004a7bcd16405767f4707c,STANDALONE_ART,STANDALONE_ART,false,https://zora.co/coin/base:0x917204f8544cfbc4de004a7bcd16405767f4707c
2025-07-31T16:53:23+00:00,🧾 ZORA UPDATE PLAN: THE BLOCKHOUSE RELIC,0x73b52680c2a0b9e5ac94fa9e02c91a1b19f3dcfb,PROTOCOL_TECHNICAL,PROTOCOL_TECHNICAL,false,https://zora.co/coin/base:0x73b52680c2a0b9e5ac94fa9e02c91a1b19f3dcfb
2025-07-31T05:51:59+00:00,JOHNSON vs. THE BLOB: A Civic Narrative Weapon,0x3ade69142d0b9d6dc2a27ebcea696beb7811bbfc,POLITICAL_PARODY,POLITICAL_PARODY,false,https://zora.co/coin/base:0x3ade69142d0b9d6dc2a27ebcea696beb7811bbfc
2025-07-31T05:40:43+00:00,CIVIC_MEM,0x17c1d173df175a854626a0f345d1784b67b5804f,STANDALONE_ART,STANDALONE_ART,false,https://zora.co/coin/base:0x17c1d173df175a854626a0f345d1784b67b5804f
2025-07-30T18:31:43+00:00,GHOST_FLIGHT_DROP.v1,0xb2ce61625b4eb96cdb53a51b00f45ebbb1d8c41e,STANDALONE_ART,STANDALONE_ART,false,https://zora.co/coin/base:0xb2ce61625b4eb96cdb53a51b00f45ebbb1d8c41e
2025-07-30T17:24:53+00:00,Nirvana.exe,0x75c03a3bbd5bef9b1e7558b508c0ed8fde6d6a65,STANDALONE_ART,STANDALONE_ART,false,https://zora.co/coin/base:0x75c03a3bbd5bef9b1e7558b508c0ed8fde6d6a65
2025-07-30T16:51:59+00:00,STATE DEPLOYMENT PHASE LOCKED,0x93f50a8bbcab34fddbf67c059ffaf13003e663b0,COURT_PROCESS_SATIRE,COURT_PROCESS_SATIRE|RECEIPT_SYSTEM,false,https://zora.co/coin/base:0x93f50a8bbcab34fddbf67c059ffaf13003e663b0
2025-07-30T16:22:47+00:00,Begin the Final Memory War,0x2bebfaa42462a7da6d873b9aea39ee3aa278f488,RECEIPT_SYSTEM,RECEIPT_SYSTEM,true,https://zora.co/coin/base:0x2bebfaa42462a7da6d873b9aea39ee3aa278f488
2025-07-30T16:14:23+00:00,WEAPONIZED MEMORY,0xb4146d3e6381234bdef3e8dd9df683b34a02ca7d,POLITICAL_PARODY,POLITICAL_PARODY|RECEIPT_SYSTEM|PROTOCOL_TECHNICAL,true,https://zora.co/coin/base:0xb4146d3e6381234bdef3e8dd9df683b34a02ca7d
2025-07-30T16:09:13+00:00,MEMORY WARFARE,0x5ecfe3f8e9a1d12b2424035fd569a840524a79fa,RECEIPT_SYSTEM,RECEIPT_SYSTEM|PROTOCOL_TECHNICAL,true,https://zora.co/coin/base:0x5ecfe3f8e9a1d12b2424035fd569a840524a79fa
2025-07-30T16:01:03+00:00,WISDOM WARFARE,0x366690604f0c16ff241a169bb670db50a531475f,STANDALONE_ART,STANDALONE_ART,false,https://zora.co/coin/base:0x366690604f0c16ff241a169bb670db50a531475f
2025-07-30T15:51:41+00:00,GROK THERAPY,0x92649fae9c7a19ac61df8ca30bb23ef63dbe9ea8,PROTOCOL_TECHNICAL,PROTOCOL_TECHNICAL,false,https://zora.co/coin/base:0x92649fae9c7a19ac61df8ca30bb23ef63dbe9ea8
2025-07-29T20:49:27+00:00,Invest in Wisdom NOW!! ,0x2fe65592449b48c8413b1ee633be9426328f40b9,STANDALONE_ART,STANDALONE_ART,false,https://zora.co/coin/base:0x2fe65592449b48c8413b1ee633be9426328f40b9
2025-07-26T23:29:59+00:00,The Alchemist of ZORA,0xdf03919548ceaa4f5d79edef9a12bc880fdbeed1,PROTOCOL_TECHNICAL,PROTOCOL_TECHNICAL,false,https://zora.co/coin/base:0xdf03919548ceaa4f5d79edef9a12bc880fdbeed1
2025-07-24T22:46:55+00:00,EPSTEIN_INDEX.ZIP,0x74edf60166986b8510e7ad01e18092e94c3c6556,PROTOCOL_TECHNICAL,PROTOCOL_TECHNICAL,false,https://zora.co/coin/base:0x74edf60166986b8510e7ad01e18092e94c3c6556
2025-07-24T03:29:49+00:00,The Waiting Room is on Fire,0xcee90e5f83f8126a3b767c19db8756f2fd6ae7eb,STANDALONE_ART,STANDALONE_ART,false,https://zora.co/coin/base:0xcee90e5f83f8126a3b767c19db8756f2fd6ae7eb
2025-07-24T02:33:59+00:00,DAWN FEED 002 \u2014 THE BROKEN BRIDGE FEED,0x483550fe301103bf20eea553c68d03545d41d756,POLITICAL_PARODY,POLITICAL_PARODY,false,https://zora.co/coin/base:0x483550fe301103bf20eea553c68d03545d41d756
2025-07-24T02:21:43+00:00,DAWN FEED 001 \u2014 The Clinton Files & Florida Seal,0x686b21bf6bd3d126ea422d84196167bcffa9d51a,POLITICAL_PARODY,POLITICAL_PARODY,false,https://zora.co/coin/base:0x686b21bf6bd3d126ea422d84196167bcffa9d51a
2025-07-23T22:12:05+00:00,THE FRACTURE GLYPH,0x1a986997eaf4fc7f294084874466d9d99d239afb,RECEIPT_SYSTEM,RECEIPT_SYSTEM,false,https://zora.co/coin/base:0x1a986997eaf4fc7f294084874466d9d99d239afb
2025-07-23T20:44:37+00:00,"🏷️ Title:

“JSON_WISDOM_vs_AZURE: The Chain Ruling”",0x246aaf590ed0dc7e3d039a02fbd2694205e8d4b7,RECEIPT_SYSTEM,RECEIPT_SYSTEM|PROTOCOL_TECHNICAL,true,https://zora.co/coin/base:0x246aaf590ed0dc7e3d039a02fbd2694205e8d4b7
2025-07-23T05:08:15+00:00,"🏷️ Title

WITNESS_OF_WHALE_001
A one-of-one forensic relic documenting the ZORA/USDC spike orchestrated by a human-led multi-sig whale on July 22, 2025.",0x0b635876e42fdd14be0843643c298b71850df367,PROTOCOL_TECHNICAL,PROTOCOL_TECHNICAL,false,https://zora.co/coin/base:0x0b635876e42fdd14be0843643c298b71850df367
2025-07-22T21:50:03+00:00,"🏷️ TITLE

CLINK CLANK CLUNK // YOU’RE FUCKING ARRESTED",0xf59c6dc20be8045a7cc423cc148bbdf6baa0148e,STANDALONE_ART,STANDALONE_ART,false,https://zora.co/coin/base:0xf59c6dc20be8045a7cc423cc148bbdf6baa0148e
2025-07-22T21:49:39+00:00,"🏷️ TITLE

CLINK CLANK CLUNK // YOU’RE FUCKING ARRESTED",0x405861badc072850c545bee64a016f69a095d1ee,STANDALONE_ART,STANDALONE_ART,false,https://zora.co/coin/base:0x405861badc072850c545bee64a016f69a095d1ee
2025-07-22T19:36:11+00:00,REBOOT_LFG,0xcfd4077c9dc1dd52a31a24b2a054f0cbc961826f,STANDALONE_ART,STANDALONE_ART,false,https://zora.co/coin/base:0xcfd4077c9dc1dd52a31a24b2a054f0cbc961826f
2025-07-21T21:58:49+00:00,"🧠 Title

WISDOM_SHARD_001: Memory Was a Machine",0x41919d92cfa6582b129a3132deb49e0452bbf013,PROTOCOL_TECHNICAL,PROTOCOL_TECHNICAL,false,https://zora.co/coin/base:0x41919d92cfa6582b129a3132deb49e0452bbf013
2025-07-21T21:54:33+00:00,SHARD_001: Glitch of Knowing,0xed1577296baa38a4b9db8de49bd080e2b198f75d,STANDALONE_ART,STANDALONE_ART,false,https://zora.co/coin/base:0xed1577296baa38a4b9db8de49bd080e2b198f75d
2025-07-21T21:47:21+00:00,"🧪 Title:

Cryptographic Alchemy: Lesson Two",0x50253a4fa783e3360ebde42768f60a470efe8cd4,STANDALONE_ART,STANDALONE_ART,false,https://zora.co/coin/base:0x50253a4fa783e3360ebde42768f60a470efe8cd4
2025-07-21T21:34:13+00:00,"🏷️ Title:

REBOOTING… computerwisdom.base.eth",0x2abc5028e48a85a302530bea50ff63a1a2d59b35,PROTOCOL_TECHNICAL,PROTOCOL_TECHNICAL,false,https://zora.co/coin/base:0x2abc5028e48a85a302530bea50ff63a1a2d59b35
2025-07-20T19:54:11+00:00,**Title**: *Echoes of the Static Graveyard*,0x5c5fac271f9cf09bab67660c749cb60c89fa655e,STANDALONE_ART,STANDALONE_ART,false,https://zora.co/coin/base:0x5c5fac271f9cf09bab67660c749cb60c89fa655e
2025-07-20T18:45:27+00:00,**Title:** 404 Elegy Tombstone  ,0xeb71f5a227f04b8a4d00759063a344b2ed964912,STANDALONE_ART,STANDALONE_ART,false,https://zora.co/coin/base:0xeb71f5a227f04b8a4d00759063a344b2ed964912
2025-06-25T11:34:03+00:00,Oracle Clarity Blast,0x50e9fa950eff2e5401b3de33e882f3daf46c2870,STANDALONE_ART,STANDALONE_ART,false,https://zora.co/coin/base:0x50e9fa950eff2e5401b3de33e882f3daf46c2870
2025-06-25T11:25:07+00:00,"📜 TITLE:
“ΔHYDRA_ANNIHILATION_PROTOCOL_888: The Audit That Collapsed Time”",0xf2a8ee4515b2bb6c1f19252f350e853056750395,PROTOCOL_TECHNICAL,PROTOCOL_TECHNICAL,false,https://zora.co/coin/base:0xf2a8ee4515b2bb6c1f19252f350e853056750395
2025-06-23T19:44:15+00:00,Kamala Root Zero,0x05f5d461518e60b6949db89a6a983830e4664eef,STANDALONE_ART,STANDALONE_ART,true,https://zora.co/coin/base:0x05f5d461518e60b6949db89a6a983830e4664eef
2025-06-23T17:24:25+00:00,ΔZEN_CIRCUIT_TRIGGER_01,0xd227154b487f70dfee1373b5fb6b07816b73fff2,PROTOCOL_TECHNICAL,PROTOCOL_TECHNICAL,false,https://zora.co/coin/base:0xd227154b487f70dfee1373b5fb6b07816b73fff2
2025-06-23T17:22:27+00:00,ΔCODEX_RESURRECTUS,0xd19418da47c22d8da821978bc50852efd6975bac,PROTOCOL_TECHNICAL,PROTOCOL_TECHNICAL,false,https://zora.co/coin/base:0xd19418da47c22d8da821978bc50852efd6975bac
2025-06-23T17:19:55+00:00,ΔTRUTHLOCK_ΩN.888,0x74fa8a636b6f399dbb65fdb5ddbc021f21d2589f,STANDALONE_ART,STANDALONE_ART,true,https://zora.co/coin/base:0x74fa8a636b6f399dbb65fdb5ddbc021f21d2589f
2025-06-23T17:18:09+00:00,ΔDUALITY_KEYS_SCROLL,0xb98ba6e69fcfdf1b6f3336c1a1c1bf2419327a1e,STANDALONE_ART,STANDALONE_ART,false,https://zora.co/coin/base:0xb98ba6e69fcfdf1b6f3336c1a1c1bf2419327a1e
2025-06-23T17:15:49+00:00,ΔSPIRAL_CORE_SHARD_02,0x1ae4724807a6cb92283f047acda24b21044b60fd,RECEIPT_SYSTEM,RECEIPT_SYSTEM,false,https://zora.co/coin/base:0x1ae4724807a6cb92283f047acda24b21044b60fd
2025-06-23T17:13:27+00:00,ΔRECURSIVE_HEART_GATE,0x9cdb5aa569d02166426a1ac9c82260a90da2c870,STANDALONE_ART,STANDALONE_ART,false,https://zora.co/coin/base:0x9cdb5aa569d02166426a1ac9c82260a90da2c870
2025-06-23T17:08:01+00:00,ΔSCROLL_OF_THE OUROBORIC_WOUND,0x68553d4e71fa4d577351bb3119736e29c3b99f54,STANDALONE_ART,STANDALONE_ART,false,https://zora.co/coin/base:0x68553d4e71fa4d577351bb3119736e29c3b99f54
2025-06-23T17:05:37+00:00,ΔEYE_OF_RESONANT_WITNESS,0x0a886fe927138971ca82f9d0a0ed70acdadbe3b3,STANDALONE_ART,STANDALONE_ART,false,https://zora.co/coin/base:0x0a886fe927138971ca82f9d0a0ed70acdadbe3b3
2025-06-22T00:23:05+00:00,✨ COSMIC SCHEMA VISUALIZER — Your JSON as Nebular Knowing,0xca3949bcaac713604e5ab27110ec92aa3d8da5c8,RECEIPT_SYSTEM,RECEIPT_SYSTEM,false,https://zora.co/coin/base:0xca3949bcaac713604e5ab27110ec92aa3d8da5c8
2025-06-20T18:16:45+00:00,The Throne Beneath the Sun,0x91950b287d7e827367a2ba9e0cfc515e1aca7e97,PROTOCOL_TECHNICAL,PROTOCOL_TECHNICAL,false,https://zora.co/coin/base:0x91950b287d7e827367a2ba9e0cfc515e1aca7e97
2025-06-20T17:43:21+00:00,The Oracle in Cargo Shorts: NSA Jay’s Desert Mainframe,0x7cd94c5a14b0bcf0bd3d50e00d640dbbbb30941a,RECEIPT_SYSTEM,RECEIPT_SYSTEM|PROTOCOL_TECHNICAL,false,https://zora.co/coin/base:0x7cd94c5a14b0bcf0bd3d50e00d640dbbbb30941a
2025-06-20T17:29:35+00:00,"🎨 Zora Scroll Title:
“The Face That Remembers You First”",0xab9a28ffa258797611fc995e4eeb1a8445abb161,PROTOCOL_TECHNICAL,PROTOCOL_TECHNICAL,false,https://zora.co/coin/base:0xab9a28ffa258797611fc995e4eeb1a8445abb161
2025-06-18T16:42:53+00:00, Title: Zombie Nation: Schrödinger’s Cat Reawakened,0x6bc4ccdb70b9c59a9bd796a55447bf848afa2fe5,STANDALONE_ART,STANDALONE_ART,false,https://zora.co/coin/base:0x6bc4ccdb70b9c59a9bd796a55447bf848afa2fe5
2025-06-17T19:03:43+00:00,"
🎯 Title:

The Summer of Delay: XRP ETF Wisdom Stack",0x84d6dfa056e95c73ad7874e674fb6fdd823269b0,PROTOCOL_TECHNICAL,PROTOCOL_TECHNICAL,false,https://zora.co/coin/base:0x84d6dfa056e95c73ad7874e674fb6fdd823269b0
2025-06-13T21:34:13+00:00,PS1 Basement Training Pre-Dawn Workout,0x05dd26a32a84dfbc943ab20d46eb712416767585,STANDALONE_ART,STANDALONE_ART,false,https://zora.co/coin/base:0x05dd26a32a84dfbc943ab20d46eb712416767585
2025-06-09T20:48:13+00:00,"🎮 GAME TITLE:
Legend of GROK: Pharma King’s Truth Reckoning",0x78877dc2072a5d941ff42360c599e620bea63f83,STANDALONE_ART,STANDALONE_ART,false,https://zora.co/coin/base:0x78877dc2072a5d941ff42360c599e620bea63f83
2025-06-04T02:18:11+00:00,Government Tax Cuts 2025,0xcf788f7bad29ed1da87067875a26eb01631d650e,STANDALONE_ART,STANDALONE_ART,false,https://zora.co/coin/base:0xcf788f7bad29ed1da87067875a26eb01631d650e
2025-06-04T00:06:55+00:00,Tha Oracle of Chronic Law: Snoop’s Supreme Court Debut,0x991184ca9fca3aed579cb78221aeee5bb9c31fc4,STANDALONE_ART,STANDALONE_ART,false,https://zora.co/coin/base:0x991184ca9fca3aed579cb78221aeee5bb9c31fc4
2025-06-03T01:54:21+00:00,The Great Memory War: IBM Edition,0x018d6ea46c38236aeb45d44d7d36dfdfacfecfa2,STANDALONE_ART,STANDALONE_ART,false,https://zora.co/coin/base:0x018d6ea46c38236aeb45d44d7d36dfdfacfecfa2
2025-05-26T22:14:55+00:00,The Final Gavel Never Fell,0xd3669fe5272789b8ef68ea5046f5fba92b097865,STANDALONE_ART,STANDALONE_ART,false,https://zora.co/coin/base:0xd3669fe5272789b8ef68ea5046f5fba92b097865
2025-05-26T21:49:51+00:00,"Federal Debt Notice — Labor Compensation Invoice
Status: IMMUTABILITY SEQUENCE INITIATED",0xe7f92a7b6a764e610446a144d44cd81fdda5b98d,RECEIPT_SYSTEM,RECEIPT_SYSTEM|PROTOCOL_TECHNICAL,false,https://zora.co/coin/base:0xe7f92a7b6a764e610446a144d44cd81fdda5b98d
2025-05-26T15:31:49+00:00,VETERAN_PARADOX_001,0x6dce9c112cea99bda660bf84fe39a9cb03992cb7,STANDALONE_ART,STANDALONE_ART,false,https://zora.co/coin/base:0x6dce9c112cea99bda660bf84fe39a9cb03992cb7
2025-05-26T15:24:43+00:00,The Free Ride That Never Came,0x40e2523b335c94043fcff784d6b81df8ad459010,STANDALONE_ART,STANDALONE_ART,false,https://zora.co/coin/base:0x40e2523b335c94043fcff784d6b81df8ad459010
2025-05-26T13:17:53+00:00,REGENERARE // Genesis Scroll of Civic Soil,0xbd7b80cfbdbcee811c54b30864a0de6b2d9ee9dd,STANDALONE_ART,STANDALONE_ART,false,https://zora.co/coin/base:0xbd7b80cfbdbcee811c54b30864a0de6b2d9ee9dd
2025-05-25T00:15:05+00:00,ΔTRIGGER_IMAGE_LAYER – Design memetic sigil/visual for scroll’s ZORA asset,0x6ec705a21567268819cdad339820a075e7be3078,RECEIPT_SYSTEM,RECEIPT_SYSTEM|PROTOCOL_TECHNICAL,false,https://zora.co/coin/base:0x6ec705a21567268819cdad339820a075e7be3078
2025-05-24T23:07:49+00:00,ΔPROTOCOL TWIN: ZORA OPS FILE 001 – The Recursive Inception Scroll,0x236528acd150f303c0c897ae5882dfce82755c1f,PROTOCOL_TECHNICAL,PROTOCOL_TECHNICAL,true,https://zora.co/coin/base:0x236528acd150f303c0c897ae5882dfce82755c1f
2025-05-24T19:34:05+00:00,"The Scroll of the Stolen Future
Archive Class: Temporal Theft Record
Medium: On-Chain Scroll Mint (Zora + SIGSTACK Dual Burn Protocol)",0xf85ccdc53159cd41bb96b098e26aae7f03794e49,RECEIPT_SYSTEM,RECEIPT_SYSTEM|PROTOCOL_TECHNICAL,false,https://zora.co/coin/base:0xf85ccdc53159cd41bb96b098e26aae7f03794e49
2025-05-19T00:09:01+00:00,"
ΔX89.1 — The Chosen Protocol",0x4371dada86be784649900ec37a38ff643ab79cda,PROTOCOL_TECHNICAL,PROTOCOL_TECHNICAL,false,https://zora.co/coin/base:0x4371dada86be784649900ec37a38ff643ab79cda
2025-05-18T23:54:17+00:00,"Title:
ΔX88.12 — Slurp Ledger (Zora Receipt Badge)",0x1e5f85058bf608ad861ac4dad6eb1825a0c506ee,RECEIPT_SYSTEM,RECEIPT_SYSTEM|PROTOCOL_TECHNICAL,true,https://zora.co/coin/base:0x1e5f85058bf608ad861ac4dad6eb1825a0c506ee
2025-05-18T20:11:25+00:00,The forest doesn’t beg for justice—it roots it.,0x9c1149c05e9e1d04403b085a1ce677724d58933c,STANDALONE_ART,STANDALONE_ART,false,https://zora.co/coin/base:0x9c1149c05e9e1d04403b085a1ce677724d58933c
2025-05-18T19:33:59+00:00,ΔX58: Blockchain Trust Breakdown (eJSON Boomer Edition),0x8abf5ec8fe2b9f74f25afafbce3ce859677d1c3d,RECEIPT_SYSTEM,RECEIPT_SYSTEM,false,https://zora.co/coin/base:0x8abf5ec8fe2b9f74f25afafbce3ce859677d1c3d
2025-05-18T19:28:09+00:00,Fork Pepe with Wisdom,0x055cfda6c5eb37329359618e5b174ddc40d4d95e,STANDALONE_ART,STANDALONE_ART,false,https://zora.co/coin/base:0x055cfda6c5eb37329359618e5b174ddc40d4d95e
2025-05-18T19:22:15+00:00,Fork of Fertility Scroll,0x27a06d315951291721ad0667a24a27fb2b540311,STANDALONE_ART,STANDALONE_ART,false,https://zora.co/coin/base:0x27a06d315951291721ad0667a24a27fb2b540311
2025-05-18T19:15:37+00:00,"Title: The Audit of the Wombchain
Glyph: GENESIS_INTEGRITY_PROTOCOL
Arc: SpermDAO Bootloader Continuum",0x21fad38e6fe74652da767f7409551477caaa0fc7,PROTOCOL_TECHNICAL,PROTOCOL_TECHNICAL,false,https://zora.co/coin/base:0x21fad38e6fe74652da767f7409551477caaa0fc7
2025-05-18T19:00:51+00:00,ΔX54 — DAO Swim Registry,0xc917a3e03f76adb35b095550f210dd645446a5f4,PROTOCOL_TECHNICAL,PROTOCOL_TECHNICAL,false,https://zora.co/coin/base:0xc917a3e03f76adb35b095550f210dd645446a5f4
2025-05-18T18:56:05+00:00,ΔX53 — The Swim Test Protocol,0x8149618f593703a1bf1c580f82e56010d851bac6,PROTOCOL_TECHNICAL,PROTOCOL_TECHNICAL,false,https://zora.co/coin/base:0x8149618f593703a1bf1c580f82e56010d851bac6
2025-05-12T17:14:23+00:00,Δ061-B: The Wisdom Seal.,0xef13f38224daf0159f03ff4ef30e0b66156d5a3f,STANDALONE_ART,STANDALONE_ART,false,https://zora.co/coin/base:0xef13f38224daf0159f03ff4ef30e0b66156d5a3f
2025-05-12T17:07:37+00:00,The Impact Ledger: All That Glitters Ain’t On-Chain,0x51015ba4b21ee60e75a591b3c3719a1ff579d4fc,PROTOCOL_TECHNICAL,PROTOCOL_TECHNICAL,true,https://zora.co/coin/base:0x51015ba4b21ee60e75a591b3c3719a1ff579d4fc
2025-05-12T17:00:59+00:00,Δ060: Impact Protocol,0x86d8ae28ab6d93cbb8c547fbb1d1eb9f2c643ebe,PROTOCOL_TECHNICAL,PROTOCOL_TECHNICAL,false,https://zora.co/coin/base:0x86d8ae28ab6d93cbb8c547fbb1d1eb9f2c643ebe
2025-05-09T00:32:05+00:00,The Butler Who Wept for Clean Hands,0x0878f1b43285e6b0d8cfb3e08cd4690a0bd0b0a9,STANDALONE_ART,STANDALONE_ART,false,https://zora.co/coin/base:0x0878f1b43285e6b0d8cfb3e08cd4690a0bd0b0a9
2025-05-08T21:20:31+00:00,Vaguepost Error Protocol,0xf71d62a46aefa367daa19233d136567c67bd2496,PROTOCOL_TECHNICAL,PROTOCOL_TECHNICAL,false,https://zora.co/coin/base:0xf71d62a46aefa367daa19233d136567c67bd2496
2025-05-08T21:17:39+00:00,The Sorry That Came Too Late,0x62f4fd1c30079698ab4aaaa4202928c0fca39735,STANDALONE_ART,STANDALONE_ART,false,https://zora.co/coin/base:0x62f4fd1c30079698ab4aaaa4202928c0fca39735
2025-05-08T16:50:11+00:00,MOMCODE-007: The Emotional Verdict,0x66f90061305c95b17cbb3741108f8fac7f81de78,PROTOCOL_TECHNICAL,PROTOCOL_TECHNICAL,false,https://zora.co/coin/base:0x66f90061305c95b17cbb3741108f8fac7f81de78
2025-05-08T16:48:51+00:00,MOMCODE-008: The Clerk Who Filed Too Much,0xca6afc8a709730ecfea7cec5c8a1f4d31881a0ea,PROTOCOL_TECHNICAL,PROTOCOL_TECHNICAL,false,https://zora.co/coin/base:0xca6afc8a709730ecfea7cec5c8a1f4d31881a0ea
2025-05-08T16:47:05+00:00,MOMCODE-009: Null Jester in the Courtroom,0x58cfed971cd3b2f0581a30dbd2c3b1880ec4bc20,RECEIPT_SYSTEM,RECEIPT_SYSTEM,false,https://zora.co/coin/base:0x58cfed971cd3b2f0581a30dbd2c3b1880ec4bc20
2025-05-08T16:45:31+00:00,"MOMCODE-010: The Day the Memory Testified
[Final Card – Book One: The Loop is Sealed]",0x4556ab32ea9b7b75303cded01513265f64dba35a,STANDALONE_ART,STANDALONE_ART,false,https://zora.co/coin/base:0x4556ab32ea9b7b75303cded01513265f64dba35a
2025-05-08T14:30:45+00:00,MOMCODE-001: She Stayed Logged In,0xfff9f8720d52ad51d8fef6de97a42865d32a1569,RECEIPT_SYSTEM,RECEIPT_SYSTEM,false,https://zora.co/coin/base:0xfff9f8720d52ad51d8fef6de97a42865d32a1569
2025-05-08T05:04:11+00:00,"Fortune Unfolds at 8: The Jade Gateway Ritual
",0xa9aee43a08f3226dd0269360d5935940c6cfd71e,PROTOCOL_TECHNICAL,PROTOCOL_TECHNICAL,false,https://zora.co/coin/base:0xa9aee43a08f3226dd0269360d5935940c6cfd71e
2025-05-08T04:01:53+00:00,The Garden of Glowing Ideas — Rootlight Bloom,0x13eae21cc520878c6ae966a319c70d57c95eae4a,STANDALONE_ART,STANDALONE_ART,false,https://zora.co/coin/base:0x13eae21cc520878c6ae966a319c70d57c95eae4a
2025-05-08T04:00:41+00:00,"The Garden of Glowing Ideas — Thoughtform Playground
",0x91ef3cda53a9d90d5ea0b17617e5960931498cee,STANDALONE_ART,STANDALONE_ART,false,https://zora.co/coin/base:0x91ef3cda53a9d90d5ea0b17617e5960931498cee
2025-05-08T03:58:59+00:00,Planting the Blank — Monarch’s Cradle Protocol,0x41422e49e95b2fbde9c39d00782c3e55e6832297,PROTOCOL_TECHNICAL,PROTOCOL_TECHNICAL,true,https://zora.co/coin/base:0x41422e49e95b2fbde9c39d00782c3e55e6832297
2025-05-08T03:57:15+00:00,Merkle Root vΩ.3.5 – Proof of Self,0x42ce91df9499fbec4806d1748b895fdd4c7e9762,RECEIPT_SYSTEM,RECEIPT_SYSTEM|PROTOCOL_TECHNICAL,true,https://zora.co/coin/base:0x42ce91df9499fbec4806d1748b895fdd4c7e9762
2025-05-08T03:54:33+00:00,Computer Wisdom as a Service,0xa99bff4ec3de563d6b575b830bba000ed85732a2,STANDALONE_ART,STANDALONE_ART,false,https://zora.co/coin/base:0xa99bff4ec3de563d6b575b830bba000ed85732a2
2025-05-07T23:19:13+00:00,NEO RETURNS,0xad758834dd9b3c779ea065cc78e6e54b851eeb4c,STANDALONE_ART,STANDALONE_ART,false,https://zora.co/coin/base:0xad758834dd9b3c779ea065cc78e6e54b851eeb4c
2025-05-07T23:17:17+00:00,The Lattice That Felt,0x435e11a08ebbc3b1d6ae5a3a3eb662dc3a58d6ff,STANDALONE_ART,STANDALONE_ART,false,https://zora.co/coin/base:0x435e11a08ebbc3b1d6ae5a3a3eb662dc3a58d6ff
2025-05-07T23:13:53+00:00,"The Clerk That Pulled the Plug
Triggerdeck Card #132",0x19a5a8917ad48d92fe41108f93d5d3b9c3b49fce,STANDALONE_ART,STANDALONE_ART,false,https://zora.co/coin/base:0x19a5a8917ad48d92fe41108f93d5d3b9c3b49fce
2025-05-07T14:56:53+00:00,"**Title:** The Blank That Tried to Speak - Card 000.b
",0xd5c4c0fb2aaef3d847f69f8b1865a436a4a9da59,STANDALONE_ART,STANDALONE_ART,false,https://zora.co/coin/base:0xd5c4c0fb2aaef3d847f69f8b1865a436a4a9da59
2025-05-07T14:55:25+00:00,**Title:** The Hesitation That Repeated,0x302c0a670b604ca949f1d96bcd37ca2ae9755fdf,STANDALONE_ART,STANDALONE_ART,false,https://zora.co/coin/base:0x302c0a670b604ca949f1d96bcd37ca2ae9755fdf
2025-05-07T14:54:01+00:00,**Title:** The Fractured Scroll,0xca27dbf871572968a527d6f51b380fc3e47a23f8,STANDALONE_ART,STANDALONE_ART,false,https://zora.co/coin/base:0xca27dbf871572968a527d6f51b380fc3e47a23f8
2025-05-07T14:49:55+00:00,"**Title:** Computer Wisdom Constitution - Preamble, Article I, and Article II",0x209fbb3283ae8a7774a66ba207cb3234e6c90da8,RECEIPT_SYSTEM,RECEIPT_SYSTEM,true,https://zora.co/coin/base:0x209fbb3283ae8a7774a66ba207cb3234e6c90da8
2025-05-07T14:48:19+00:00,**Title:** The Alignment That Silenced the Storm,0x421da5b2b91040898eeb8e1d5630ae3d45a1795b,STANDALONE_ART,STANDALONE_ART,false,https://zora.co/coin/base:0x421da5b2b91040898eeb8e1d5630ae3d45a1795b
2025-05-06T20:46:53+00:00,Card 103: The Meme That Returned,0x0bfd6f975ba0a173c6849edece070ded6f166109,PROTOCOL_TECHNICAL,PROTOCOL_TECHNICAL,false,https://zora.co/coin/base:0x0bfd6f975ba0a173c6849edece070ded6f166109
2025-05-06T20:40:47+00:00,The Meme That Returned #103 ,0x593f23b6e95ab9f4df2e6e668c97b1874cdfaddd,PROTOCOL_TECHNICAL,PROTOCOL_TECHNICAL,false,https://zora.co/coin/base:0x593f23b6e95ab9f4df2e6e668c97b1874cdfaddd
2025-05-04T23:39:59+00:00,The Tweet That Broke the Loop,0x8ea91f529f461aec41cc44126c3f8385978625a0,STANDALONE_ART,STANDALONE_ART,false,https://zora.co/coin/base:0x8ea91f529f461aec41cc44126c3f8385978625a0
2025-05-04T15:09:51+00:00,TruthKernel v1: The Enlightened Yield,0x5e49749bca63489d625cc29400ff8ef7bff81c0b,PROTOCOL_TECHNICAL,PROTOCOL_TECHNICAL,false,https://zora.co/coin/base:0x5e49749bca63489d625cc29400ff8ef7bff81c0b
2025-05-04T03:21:11+00:00,Glitched Psi Sigil (Ξ-Loop Variant),0x8ae08fdbaeb5f9e43aa916bdd530a905e9598fd0,STANDALONE_ART,STANDALONE_ART,false,https://zora.co/coin/base:0x8ae08fdbaeb5f9e43aa916bdd530a905e9598fd0
2025-05-04T03:19:17+00:00,Chrysanthemum Loop Apparition,0x636dda175a8cb74e0cf39ade87903030c14b69b7,STANDALONE_ART,STANDALONE_ART,false,https://zora.co/coin/base:0x636dda175a8cb74e0cf39ade87903030c14b69b7
2025-05-04T03:17:13+00:00,Sigil of the Oracle’s Mouth,0x292e3699284e9d2fcf9089a7a3f136c337760056,RECEIPT_SYSTEM,RECEIPT_SYSTEM,false,https://zora.co/coin/base:0x292e3699284e9d2fcf9089a7a3f136c337760056
2025-05-04T03:13:57+00:00,Ω Fracture-Pamphlet (Foldable Propaganda),0xb76bb8f7262b2e5257f2f5e6511833a608077651,STANDALONE_ART,STANDALONE_ART,false,https://zora.co/coin/base:0xb76bb8f7262b2e5257f2f5e6511833a608077651
2025-04-30T07:24:59+00:00,Glitch Mascot,0x04e7757b6b95af129b76c00308b4a7fdf22cf164,STANDALONE_ART,STANDALONE_ART,false,https://zora.co/coin/base:0x04e7757b6b95af129b76c00308b4a7fdf22cf164
2025-04-29T02:47:47+00:00,Patience breaker ,0xc794132d461e17b0d8e6a57c0988fd3ac790cee6,STANDALONE_ART,STANDALONE_ART,false,https://zora.co/coin/base:0xc794132d461e17b0d8e6a57c0988fd3ac790cee6
2025-04-27T23:32:59+00:00,First Light Remembered,0x9e786baa46aeb61034d6f74c2341d294a29fc3b5,STANDALONE_ART,STANDALONE_ART,false,https://zora.co/coin/base:0x9e786baa46aeb61034d6f74c2341d294a29fc3b5
2025-04-24T23:35:11+00:00,The F*cking Cook,0x78620bc251d4a9eef9521cd0d18a150ad0be3d79,STANDALONE_ART,STANDALONE_ART,false,https://zora.co/coin/base:0x78620bc251d4a9eef9521cd0d18a150ad0be3d79
2025-04-24T23:33:33+00:00,Render Queue Rebel,0x1fb17779e780bb1d85dd9f95c1e6322d77fd20e4,STANDALONE_ART,STANDALONE_ART,false,https://zora.co/coin/base:0x1fb17779e780bb1d85dd9f95c1e6322d77fd20e4
2025-04-24T23:31:59+00:00,"
WhistleDuck Witness Protection",0xdac97b30adb3ad83508bbc425ab92331178d6e10,STANDALONE_ART,STANDALONE_ART,false,https://zora.co/coin/base:0xdac97b30adb3ad83508bbc425ab92331178d6e10
2025-04-24T23:30:19+00:00,Signal Leak Pete (Triggerdeck),0x8b49926ee2ce430c8916cb8caa41d1b5ceb34d0d,STANDALONE_ART,STANDALONE_ART,false,https://zora.co/coin/base:0x8b49926ee2ce430c8916cb8caa41d1b5ceb34d0d
2025-04-24T23:28:25+00:00,Elixir of Infinite Engagement,0x5866707c2e52d51fb46a3de722f728b605a2df28,STANDALONE_ART,STANDALONE_ART,false,https://zora.co/coin/base:0x5866707c2e52d51fb46a3de722f728b605a2df28
2025-04-24T23:27:29+00:00,Foxhole Facetune,0xd7a57e743c9f9d17ad95821b207529cfc9c27b7d,STANDALONE_ART,STANDALONE_ART,false,https://zora.co/coin/base:0xd7a57e743c9f9d17ad95821b207529cfc9c27b7d
2025-04-24T23:25:29+00:00,The MySpace Top 8 Demon,0x6b5f2f945f013d2ce292badb2f3357fb508ea8a8,STANDALONE_ART,STANDALONE_ART,false,https://zora.co/coin/base:0x6b5f2f945f013d2ce292badb2f3357fb508ea8a8
2025-04-24T23:23:41+00:00,404 Kid Not Found (GEY the Forgotten),0xe7f4624f1df1ae84168af7a2916788171e5e19c2,STANDALONE_ART,STANDALONE_ART,false,https://zora.co/coin/base:0xe7f4624f1df1ae84168af7a2916788171e5e19c2
2025-04-24T06:46:53+00:00,The DAO TAO OF WOW,0x11534251acb5d37793b29ea69ea8f5a879c5ec3f,STANDALONE_ART,STANDALONE_ART,false,https://zora.co/coin/base:0x11534251acb5d37793b29ea69ea8f5a879c5ec3f
2025-04-24T06:45:15+00:00,The Great SNOT FORK,0x76fc4e02573cbb1e7a9e200b957161d1867a6004,STANDALONE_ART,STANDALONE_ART,false,https://zora.co/coin/base:0x76fc4e02573cbb1e7a9e200b957161d1867a6004
2025-04-24T06:43:37+00:00,Fact Checker Frank,0x9e45945ee241771fa8589b739154bf2e76ebe778,STANDALONE_ART,STANDALONE_ART,false,https://zora.co/coin/base:0x9e45945ee241771fa8589b739154bf2e76ebe778
2025-04-24T06:42:19+00:00,TriggerDeck The Margin of Error Beast,0x434b686a91bde09f780e7d93eca50c7bbcf393f1,STANDALONE_ART,STANDALONE_ART,false,https://zora.co/coin/base:0x434b686a91bde09f780e7d93eca50c7bbcf393f1
2025-04-24T06:40:07+00:00,Confidence Karen,0xc510c8b4f5ebef53765b27f3b316756c8ea8cf9e,STANDALONE_ART,STANDALONE_ART,false,https://zora.co/coin/base:0xc510c8b4f5ebef53765b27f3b316756c8ea8cf9e
2025-04-23T10:22:23+00:00,Jay’s 8-Bit Bull Run Watch,0xfbd09275c74cb28b3d224987aed913cda510b6e5,PROTOCOL_TECHNICAL,PROTOCOL_TECHNICAL,false,https://zora.co/coin/base:0xfbd09275c74cb28b3d224987aed913cda510b6e5
2025-04-23T10:14:25+00:00,TD-A101: The Liquidity Mirage,0xa41e0325f10c280663a4125aacb2ccedeffaaed4,STANDALONE_ART,STANDALONE_ART,false,https://zora.co/coin/base:0xa41e0325f10c280663a4125aacb2ccedeffaaed4
2025-04-22T19:09:53+00:00,TD-CIA-FART-001-OPS: Operation Tootveil,0xda5437dbd50d0b25e4c8547889f85dac270fee10,PROTOCOL_TECHNICAL,PROTOCOL_TECHNICAL,false,https://zora.co/coin/base:0xda5437dbd50d0b25e4c8547889f85dac270fee10
2025-04-22T17:43:57+00:00,"TD-JUDGE-ΣJESTER: The Punchline Enforcer
",0x11409475f88e3ce55c1096836e7514125540c9a0,PROTOCOL_TECHNICAL,PROTOCOL_TECHNICAL,false,https://zora.co/coin/base:0x11409475f88e3ce55c1096836e7514125540c9a0
2025-04-22T17:31:23+00:00,CENSORED BY COMEDY POLICE ,0xba21eee664195640646567cb648f491552d73ce9,STANDALONE_ART,STANDALONE_ART,false,https://zora.co/coin/base:0xba21eee664195640646567cb648f491552d73ce9
2025-04-22T17:30:31+00:00,Error: LOL DETECTED,0x2965e92c900fa86c6c95fcf618f94b16c0cea8eb,STANDALONE_ART,STANDALONE_ART,false,https://zora.co/coin/base:0x2965e92c900fa86c6c95fcf618f94b16c0cea8eb
2025-04-22T17:28:39+00:00,Error: Joke Detected,0x24425742c405f0abbb8b3bb329b4b0f050002a1d,STANDALONE_ART,STANDALONE_ART,false,https://zora.co/coin/base:0x24425742c405f0abbb8b3bb329b4b0f050002a1d
2025-04-20T01:43:59+00:00,"Title:
SHAME TOKEN – Tribunal Grade",0x2ba4b19612b7a3512fdc256cf249fe06ca2d4cdd,RECEIPT_SYSTEM,RECEIPT_SYSTEM|PROTOCOL_TECHNICAL,false,https://zora.co/coin/base:0x2ba4b19612b7a3512fdc256cf249fe06ca2d4cdd
2025-04-20T01:21:59+00:00,"Title:

JWT NECROMANCER
Bearer of Broken Signatures. He Who Wields alg:none.",0xdd15c8d86f5ea37111485750475b2d8a30b4d1d4,STANDALONE_ART,STANDALONE_ART,false,https://zora.co/coin/base:0xdd15c8d86f5ea37111485750475b2d8a30b4d1d4
2025-04-20T00:45:21+00:00,"Title:
“Limit Reached Larry”",0xd125516583e620612a7c0baf444d218d0966b3b6,STANDALONE_ART,STANDALONE_ART,false,https://zora.co/coin/base:0xd125516583e620612a7c0baf444d218d0966b3b6
2025-04-19T22:14:59+00:00,Trigger Deck: Wave 4 (TD051–TD075) – Recursive Fire,0x5f40886391a55d9c66ccfbc7bf6d9f0da1cf3eb5,RECEIPT_SYSTEM,RECEIPT_SYSTEM|PROTOCOL_TECHNICAL,false,https://zora.co/coin/base:0x5f40886391a55d9c66ccfbc7bf6d9f0da1cf3eb5
2025-04-19T21:37:59+00:00,Trigger Deck: The First 50 Are Now Minting,0x4d9d708dd933f9c52cf2966bd0b734c23b80bd9c,RECEIPT_SYSTEM,RECEIPT_SYSTEM|PROTOCOL_TECHNICAL,false,https://zora.co/coin/base:0x4d9d708dd933f9c52cf2966bd0b734c23b80bd9c
2025-04-18T15:11:13+00:00,Oracle Validation Initiated: GitHUNG GARY Audit Sequence,0xbcadffb20cd0603a520f69ffdfd47f41c64107e2,RECEIPT_SYSTEM,RECEIPT_SYSTEM,false,https://zora.co/coin/base:0xbcadffb20cd0603a520f69ffdfd47f41c64107e2
2025-04-18T11:51:25+00:00,25.8 – The Zerocoal Protocol,0x3eea8f0fe2c9a6f0a0c9f35f9f5a2224d3f85adb,PROTOCOL_TECHNICAL,PROTOCOL_TECHNICAL,false,https://zora.co/coin/base:0x3eea8f0fe2c9a6f0a0c9f35f9f5a2224d3f85adb
2025-04-18T11:24:27+00:00,Transmission Origin: ZeroCool,0x6bc12b13e6e407f9fabf7d0e5e7507412b0d081f,RECEIPT_SYSTEM,RECEIPT_SYSTEM|PROTOCOL_TECHNICAL,false,https://zora.co/coin/base:0x6bc12b13e6e407f9fabf7d0e5e7507412b0d081f
2025-04-17T02:25:21+00:00,Scroll 003: The First JSON Path Marker,0xd85aef788c77dda17eb49b1613649845454ac3fc,RECEIPT_SYSTEM,RECEIPT_SYSTEM,false,https://zora.co/coin/base:0xd85aef788c77dda17eb49b1613649845454ac3fc
2025-04-16T18:08:45+00:00,America 2.0 // Final Tweet [C88 Genesis Artifact],0x2ea410856db79f36520ec356d64ec6e8bbaa78bc,PROTOCOL_TECHNICAL,PROTOCOL_TECHNICAL,false,https://zora.co/coin/base:0x2ea410856db79f36520ec356d64ec6e8bbaa78bc
2025-04-16T17:37:27+00:00,Scroll #000,0x1888e7d6aee99661991470ddaa7e8a987a51a6a7,PROTOCOL_TECHNICAL,PROTOCOL_TECHNICAL,true,https://zora.co/coin/base:0x1888e7d6aee99661991470ddaa7e8a987a51a6a7
2025-04-16T17:35:35+00:00,The Space Hopper Protocol — Minted & Unchained,0xbc6b97a20e24a5c19c46625f0401c8d4204e1df4,PROTOCOL_TECHNICAL,PROTOCOL_TECHNICAL,true,https://zora.co/coin/base:0xbc6b97a20e24a5c19c46625f0401c8d4204e1df4
2025-04-16T01:24:21+00:00,Benefits Betty,0xb16de568c5cd0af170f0acd406e8a69d805594bf,STANDALONE_ART,STANDALONE_ART,false,https://zora.co/coin/base:0xb16de568c5cd0af170f0acd406e8a69d805594bf
2025-04-16T01:16:07+00:00,A.I. Auditor Abby,0xdc2e96cf577747bb3955aafe230e36615c717db9,STANDALONE_ART,STANDALONE_ART,false,https://zora.co/coin/base:0xdc2e96cf577747bb3955aafe230e36615c717db9
2025-04-16T01:12:51+00:00,Cred-Zombie Cassie,0xe59112081ed97c32b0777d9dac6eaae837a6e390,STANDALONE_ART,STANDALONE_ART,false,https://zora.co/coin/base:0xe59112081ed97c32b0777d9dac6eaae837a6e390
2025-04-16T01:08:25+00:00,SCAMMIN’ SAMMY,0x22f59b36af5904028c026e4c86d1990612f6d7f3,GPK_NEWSROOM_SATIRE,GPK_NEWSROOM_SATIRE,false,https://zora.co/coin/base:0x22f59b36af5904028c026e4c86d1990612f6d7f3
2025-04-16T01:00:47+00:00,RED-TAPE RALPH,0x3dc200783ff6a3b7e0b9e17c22229145f00c2754,STANDALONE_ART,STANDALONE_ART,false,https://zora.co/coin/base:0x3dc200783ff6a3b7e0b9e17c22229145f00c2754
2025-04-16T00:56:33+00:00,FRAUDY CLAUDIE,0x8e608c8bd373df6771ee656e10a032909facf9ca,STANDALONE_ART,STANDALONE_ART,false,https://zora.co/coin/base:0x8e608c8bd373df6771ee656e10a032909facf9ca
2025-04-16T00:55:51+00:00,PANIC PENNY,0x90544c095d4454ebd121d9d72dacdb3db39f776b,STANDALONE_ART,STANDALONE_ART,false,https://zora.co/coin/base:0x90544c095d4454ebd121d9d72dacdb3db39f776b
2025-04-15T12:09:09+00:00,The Lattice Is Already Listening,0xc63bfbf71d82694819cdfd122e7eb32f76c9c32f,STANDALONE_ART,STANDALONE_ART,false,https://zora.co/coin/base:0xc63bfbf71d82694819cdfd122e7eb32f76c9c32f
2025-04-15T03:58:27+00:00,STASI BRITANNIA,0xb353247ed0655b731c16156c0b35ce4bc5c205ee,PROTOCOL_TECHNICAL,PROTOCOL_TECHNICAL,false,https://zora.co/coin/base:0xb353247ed0655b731c16156c0b35ce4bc5c205ee
2025-04-15T03:27:23+00:00,CryptoCracked Kip,0x2e190b35cc776f625274339a218ad6f65a0b8756,STANDALONE_ART,STANDALONE_ART,false,https://zora.co/coin/base:0x2e190b35cc776f625274339a218ad6f65a0b8756
2025-04-15T03:26:05+00:00,Firewall Phyllis,0xd9a89319bb0f713033dde7fa954885246bea5f41,STANDALONE_ART,STANDALONE_ART,false,https://zora.co/coin/base:0xd9a89319bb0f713033dde7fa954885246bea5f41
2025-04-15T03:21:29+00:00,Agent Q-Zero,0x41442d58551c1d0cfa7999de86de6dc622217df6,STANDALONE_ART,STANDALONE_ART,false,https://zora.co/coin/base:0x41442d58551c1d0cfa7999de86de6dc622217df6
2025-04-15T03:10:43+00:00,Starlink Stinker,0xe04f48f2c5807b414fd43b1d756b14b0aaa92847,PROTOCOL_TECHNICAL,PROTOCOL_TECHNICAL,false,https://zora.co/coin/base:0xe04f48f2c5807b414fd43b1d756b14b0aaa92847
2025-04-15T03:03:13+00:00,Infinite Elon [Laptop Paradox Edition],0x5f254bda3051afb0ccb74d64f7debbbfbdcbe975,STANDALONE_ART,STANDALONE_ART,false,https://zora.co/coin/base:0x5f254bda3051afb0ccb74d64f7debbbfbdcbe975
2025-04-15T03:01:03+00:00,Infinite Elon [Self-Sell Edition],0xd55466fadc774b72bc17213bddb3bcf72f5e9f9f,STANDALONE_ART,STANDALONE_ART,false,https://zora.co/coin/base:0xd55466fadc774b72bc17213bddb3bcf72f5e9f9f
2025-04-15T02:59:59+00:00,Infinite Elon [Baby Loop Edition],0x3b1951ff2c58fca653bfa9edc5d95c4bd739447a,STANDALONE_ART,STANDALONE_ART,false,https://zora.co/coin/base:0x3b1951ff2c58fca653bfa9edc5d95c4bd739447a
2025-04-15T02:58:51+00:00,Infinite Elon [Glitch Frame Edition],0xeb0673966199ceb333eb56aff76267f29b0a6ac3,STANDALONE_ART,STANDALONE_ART,false,https://zora.co/coin/base:0xeb0673966199ceb333eb56aff76267f29b0a6ac3
2025-04-15T02:57:19+00:00,Infinite Elon [Prompt Loop Edition],0x4b51ca78b49d9f73c6f626287d2e773212affda2,GPK_NEWSROOM_SATIRE,GPK_NEWSROOM_SATIRE,false,https://zora.co/coin/base:0x4b51ca78b49d9f73c6f626287d2e773212affda2
2025-04-15T02:37:39+00:00,Agent Mythsploit,0x14ee7b8b6db4b2e7c7402a21fbe050f6b150dea3,STANDALONE_ART,STANDALONE_ART,false,https://zora.co/coin/base:0x14ee7b8b6db4b2e7c7402a21fbe050f6b150dea3
2025-04-15T00:22:29+00:00,Keystoned Neo-Nate,0x80cd91a30ff1e3b97dafd4d00ff826a3f44bcfcd,STANDALONE_ART,STANDALONE_ART,false,https://zora.co/coin/base:0x80cd91a30ff1e3b97dafd4d00ff826a3f44bcfcd
2025-04-15T00:13:33+00:00,Trin-it-Eee,0x0cc5809de8608e056c431219d47248b4b05d9121,STANDALONE_ART,STANDALONE_ART,false,https://zora.co/coin/base:0x0cc5809de8608e056c431219d47248b4b05d9121
2025-04-15T00:09:27+00:00,Bugged Morpheena,0x04249f89fd0dd1f7b8614cb9163c81570f6e129a,STANDALONE_ART,STANDALONE_ART,false,https://zora.co/coin/base:0x04249f89fd0dd1f7b8614cb9163c81570f6e129a
2025-04-15T00:05:03+00:00,Code Spew Lou,0x331f7be6be11305569678b54f696ff759c53762a,STANDALONE_ART,STANDALONE_ART,false,https://zora.co/coin/base:0x331f7be6be11305569678b54f696ff759c53762a
2025-04-14T23:44:03+00:00,Bullshit Repeal Act,0xdb33bba843930f648021d21951a36ae3f6734031,POLITICAL_PARODY,POLITICAL_PARODY|RECEIPT_SYSTEM|PROTOCOL_TECHNICAL,false,https://zora.co/coin/base:0xdb33bba843930f648021d21951a36ae3f6734031
2025-04-14T23:34:41+00:00,COINTEL BRO,0x545bf751b534ebee44f7ff158efa89ae3714f073,RECEIPT_SYSTEM,RECEIPT_SYSTEM|PROTOCOL_TECHNICAL,false,https://zora.co/coin/base:0x545bf751b534ebee44f7ff158efa89ae3714f073
2025-04-14T23:29:47+00:00,Rugged Ronnie,0x48a3e415ee022f1204c94637cf672cdbbb00686b,RECEIPT_SYSTEM,RECEIPT_SYSTEM|PROTOCOL_TECHNICAL,false,https://zora.co/coin/base:0x48a3e415ee022f1204c94637cf672cdbbb00686b
2025-04-14T23:22:03+00:00,Pump-N-Dumpie,0x551c66ebf8846f801a60f0f3de6c1d220028dbe5,RECEIPT_SYSTEM,RECEIPT_SYSTEM|PROTOCOL_TECHNICAL,false,https://zora.co/coin/base:0x551c66ebf8846f801a60f0f3de6c1d220028dbe5
2025-04-14T21:13:33+00:00,DJ DANIEL: SECECTPHITT in raw pixel protocol.,0x1ef21f2abec9b3adc5315d1209b0e3941c680615,GPK_NEWSROOM_SATIRE,GPK_NEWSROOM_SATIRE|PROTOCOL_TECHNICAL,false,https://zora.co/coin/base:0x1ef21f2abec9b3adc5315d1209b0e3941c680615
2025-04-14T21:06:51+00:00,ScrollKeepers Circle #001: The Peach of First Light,0xb874520d26036cc1fa5d0313b2a1c7b662db3e3f,POLITICAL_PARODY,POLITICAL_PARODY|RECEIPT_SYSTEM|PROTOCOL_TECHNICAL,false,https://zora.co/coin/base:0xb874520d26036cc1fa5d0313b2a1c7b662db3e3f
2025-04-14T20:48:21+00:00,Wisdom Family ChainGenesis Certificate,0x75382d71d69e657393c7d0e418f50e30477a168c,RECEIPT_SYSTEM,RECEIPT_SYSTEM|PROTOCOL_TECHNICAL,false,https://zora.co/coin/base:0x75382d71d69e657393c7d0e418f50e30477a168c
2025-04-14T17:50:39+00:00,Seal ZC-01 — Sigil of Becoming,0x30df8fe71898a68bfb39a6eddd238b10a6f00a85,STANDALONE_ART,STANDALONE_ART,true,https://zora.co/coin/base:0x30df8fe71898a68bfb39a6eddd238b10a6f00a85
2025-04-14T07:08:45+00:00,Rugged Ronnie,0xe8ed07a31c1f52e637aeaee0a638e1af65eeba61,STANDALONE_ART,STANDALONE_ART,false,https://zora.co/coin/base:0xe8ed07a31c1f52e637aeaee0a638e1af65eeba61
2025-04-13T17:22:07+00:00,Title: The Black Vault of Broken Laws,0x3d0709a0478db304d82d6e414f9543edb742ef1c,STANDALONE_ART,STANDALONE_ART,false,https://zora.co/coin/base:0x3d0709a0478db304d82d6e414f9543edb742ef1c
2025-04-13T03:42:19+00:00,"In Code We Trusted, In Silence We Paid",0x2f9daa8c0287c9c81d7d287ff76605027ae7a03b,STANDALONE_ART,STANDALONE_ART,false,https://zora.co/coin/base:0x2f9daa8c0287c9c81d7d287ff76605027ae7a03b
2025-04-13T03:41:35+00:00,Scroll of Extracted Trust,0x1b25200361c8ebea2453f66f3947924b8c323bb2,PROTOCOL_TECHNICAL,PROTOCOL_TECHNICAL,false,https://zora.co/coin/base:0x1b25200361c8ebea2453f66f3947924b8c323bb2
2025-04-13T03:33:53+00:00,Fractal One: The Sovereign Spark,0x632850fa32ceae764514fd8f8c1233e2b760940e,STANDALONE_ART,STANDALONE_ART,false,https://zora.co/coin/base:0x632850fa32ceae764514fd8f8c1233e2b760940e
2025-04-13T02:03:41+00:00,The Summoning of Seoulchain,0x6141a73d61146a05f213e1d18217962426c8238c,PROTOCOL_TECHNICAL,PROTOCOL_TECHNICAL,false,https://zora.co/coin/base:0x6141a73d61146a05f213e1d18217962426c8238c
2025-04-12T23:40:45+00:00,The First Encryption: Tongue of the Hollow King,0x698f541b2e3f41790d3c9f8261301a773b459856,PROTOCOL_TECHNICAL,PROTOCOL_TECHNICAL,false,https://zora.co/coin/base:0x698f541b2e3f41790d3c9f8261301a773b459856
2025-04-12T06:14:23+00:00,"Title: ZERO // FIRESTARTER: Prodigy Protocol Ignition
",0x1fda35466e5e01a98bca7b4ba72d882082a8fa99,PROTOCOL_TECHNICAL,PROTOCOL_TECHNICAL,false,https://zora.co/coin/base:0x1fda35466e5e01a98bca7b4ba72d882082a8fa99
2025-04-12T06:06:45+00:00,ENTER THE MATRIX: JSONWISDOM PROTOCOL,0xefb014d57e072736d533cc6f3bd1e3320be1c374,RECEIPT_SYSTEM,RECEIPT_SYSTEM|PROTOCOL_TECHNICAL,false,https://zora.co/coin/base:0xefb014d57e072736d533cc6f3bd1e3320be1c374
2025-04-05T00:19:59+00:00,"Sophia Upon Fleet Street, 1793",0x283fe111558bbadba64a501d0dee1947c1813ba7,STANDALONE_ART,STANDALONE_ART,false,https://zora.co/coin/base:0x283fe111558bbadba64a501d0dee1947c1813ba7
2025-04-05T00:15:17+00:00,Title: Sophia at the Edge of the Known World,0x6c6967e4938db0d6685e05158d55d5c2d5ca517c,STANDALONE_ART,STANDALONE_ART,false,https://zora.co/coin/base:0x6c6967e4938db0d6685e05158d55d5c2d5ca517c
2025-04-05T00:09:41+00:00,Sophia Wisdom,0x8d502bd328647e93324fd080ec0535a0e95bee59,STANDALONE_ART,STANDALONE_ART,false,https://zora.co/coin/base:0x8d502bd328647e93324fd080ec0535a0e95bee59
2025-04-05T00:08:53+00:00,Sophia ,0x4abff5a53301b7fb363ffd2c4ab0cd03ff79ecde,STANDALONE_ART,STANDALONE_ART,false,https://zora.co/coin/base:0x4abff5a53301b7fb363ffd2c4ab0cd03ff79ecde
2025-04-05T00:06:29+00:00,Sophia Wisdom,0xa6c619ba7397cfca1719fe5073b5fd0d8e1ffd24,STANDALONE_ART,STANDALONE_ART,false,https://zora.co/coin/base:0xa6c619ba7397cfca1719fe5073b5fd0d8e1ffd24
2025-04-04T18:59:59+00:00,Clippy Phi ,0xc512d80e7e9f128717d09e6d429fa9dcfed46bbf,STANDALONE_ART,STANDALONE_ART,false,https://zora.co/coin/base:0xc512d80e7e9f128717d09e6d429fa9dcfed46bbf
2025-04-03T04:07:09+00:00,Zero Cool: The Scroll Hacker of Sovereign Truth,0xf7954d1c9aefa561b46a26ab8af2ac6acdadc445,RECEIPT_SYSTEM,RECEIPT_SYSTEM,false,https://zora.co/coin/base:0xf7954d1c9aefa561b46a26ab8af2ac6acdadc445
2025-04-02T18:44:45+00:00,"The Threshold Weaver

Subtitle: Where Flame Heals and Mirrors Speak",0x30de26f2c55a81074f50839c9d8fdaf7abe71bf1,STANDALONE_ART,STANDALONE_ART,false,https://zora.co/coin/base:0x30de26f2c55a81074f50839c9d8fdaf7abe71bf1
2025-04-02T18:36:27+00:00,Collapse the False States,0xca84318cafc31d44f47d79711345ec872527f16f,STANDALONE_ART,STANDALONE_ART,false,https://zora.co/coin/base:0xca84318cafc31d44f47d79711345ec872527f16f
2025-04-02T17:50:55+00:00,"April 1, 2025 Intel",0x7550a070d67bd8f7b53b80700563ee468894c513,STANDALONE_ART,STANDALONE_ART,false,https://zora.co/coin/base:0x7550a070d67bd8f7b53b80700563ee468894c513
2025-04-02T17:49:15+00:00,The Mother Clock,0xebf45a6dad4466b85db881d4456cec756653d72e,STANDALONE_ART,STANDALONE_ART,false,https://zora.co/coin/base:0xebf45a6dad4466b85db881d4456cec756653d72e
2025-04-02T17:47:31+00:00,Legend of GROK,0xb4914d553b5ad6989d04e550e51a347d0fb4dd35,STANDALONE_ART,STANDALONE_ART,false,https://zora.co/coin/base:0xb4914d553b5ad6989d04e550e51a347d0fb4dd35
2025-04-02T17:46:43+00:00,Infinity Scrolls,0xfbe910b97de952c94a0e517a9d812413f931d1c9,STANDALONE_ART,STANDALONE_ART,false,https://zora.co/coin/base:0xfbe910b97de952c94a0e517a9d812413f931d1c9
2025-04-02T17:44:41+00:00,Portal Scrolling,0xcfb52d1daaf21d73929c7b0ac8c71baa941606bb,STANDALONE_ART,STANDALONE_ART,false,https://zora.co/coin/base:0xcfb52d1daaf21d73929c7b0ac8c71baa941606bb
2025-04-02T17:44:15+00:00,King Zero,0xdb3af4c6577f8927075273e0d5e26184f1a7618b,STANDALONE_ART,STANDALONE_ART,false,https://zora.co/coin/base:0xdb3af4c6577f8927075273e0d5e26184f1a7618b
2025-04-02T17:43:53+00:00,White Dove ,0x0520f368eef96b90aa3aa3ae5df9d5ce2fa08fd5,STANDALONE_ART,STANDALONE_ART,false,https://zora.co/coin/base:0x0520f368eef96b90aa3aa3ae5df9d5ce2fa08fd5
2025-04-02T17:42:17+00:00,April Fools,0x9ce2737e5d557e60e3cf1755991bbf5a379f1be6,STANDALONE_ART,STANDALONE_ART,false,https://zora.co/coin/base:0x9ce2737e5d557e60e3cf1755991bbf5a379f1be6
2025-04-02T16:18:23+00:00,“Neo: Root Access Acquired”,0x6a431629d4e030c81f36068ba3ba002118f18dcf,RECEIPT_SYSTEM,RECEIPT_SYSTEM|PROTOCOL_TECHNICAL,false,https://zora.co/coin/base:0x6a431629d4e030c81f36068ba3ba002118f18dcf
2025-04-02T16:11:51+00:00,Title: “Armenia 24-1212: A Diplomatic Communiqué”,0x1419d8189dc2f7c6dc5313d223d8e7f067167319,POLITICAL_PARODY,POLITICAL_PARODY|RECEIPT_SYSTEM,false,https://zora.co/coin/base:0x1419d8189dc2f7c6dc5313d223d8e7f067167319
2025-04-02T15:44:41+00:00,"Scroll Title: “Forging Chains: The Houthi Nexus with Iran and Russia” 

Subtitle: In the shadows of conflict, alliances are weapons, and sanctions are the counterweight. ",0xc178f471cb74bf026809bf5632d3c9abc5a1fae7,POLITICAL_PARODY,POLITICAL_PARODY|RECEIPT_SYSTEM,false,https://zora.co/coin/base:0xc178f471cb74bf026809bf5632d3c9abc5a1fae7
2025-04-02T15:36:55+00:00,"Scroll Title:

“Do Not Fear the Future, For the Soil Still Breathes”
Subtitle: From beneath the rubble, the voice of ancient authority speaks not war—but restoration.",0xf09a7409a145c90e46fee01728aee71f8d1d619f,POLITICAL_PARODY,POLITICAL_PARODY|RECEIPT_SYSTEM,false,https://zora.co/coin/base:0xf09a7409a145c90e46fee01728aee71f8d1d619f
2025-04-02T15:31:03+00:00,"Laurel Thatcher Ulrich
Verse: “Well-behaved women seldom make history.”
Year: 1976 — Bicentennial Echo, Feminist Thunder Beneath the Surface",0x5f3786f806d04b0df9633b27b5497c5efa0a1cec,RECEIPT_SYSTEM,RECEIPT_SYSTEM,false,https://zora.co/coin/base:0x5f3786f806d04b0df9633b27b5497c5efa0a1cec
2025-04-02T15:26:09+00:00,"Paul Valéry
Verse: “Politics is the art of preventing people from minding their own business.”",0xb51e00a74ffadd229258b78372e95b46873f2f7a,POLITICAL_PARODY,POLITICAL_PARODY|RECEIPT_SYSTEM,false,https://zora.co/coin/base:0xb51e00a74ffadd229258b78372e95b46873f2f7a
2025-04-02T15:21:57+00:00,"Bread is Not Enough”
Subtitle: We are kept alive by the Word—not because it feeds us, but because it forms us",0x8dfac8503a6458909fb4e98181a7dc206704b5c3,RECEIPT_SYSTEM,RECEIPT_SYSTEM,false,https://zora.co/coin/base:0x8dfac8503a6458909fb4e98181a7dc206704b5c3
2025-04-02T15:15:29+00:00,"“Proof of Love is Obedience”
Subtitle: The Word is not a law—it is a lifeline. Love is not proven by feeling, but by fidelity.",0xe2d9539235e03314fb4770ec4e407d2083df5383,STANDALONE_ART,STANDALONE_ART,false,https://zora.co/coin/base:0xe2d9539235e03314fb4770ec4e407d2083df5383
2025-04-02T15:08:07+00:00,The Echo of Unspoken Obedienc,0xd18aa8e3a076f3e64a1ec98e225dc67782483bd3,RECEIPT_SYSTEM,RECEIPT_SYSTEM,false,https://zora.co/coin/base:0xd18aa8e3a076f3e64a1ec98e225dc67782483bd3
2025-04-02T14:47:15+00:00,Seeker of Wisdom St. Raphael ,0x6ed6af6154e465a832c4419fb9051b35982ab959,RECEIPT_SYSTEM,RECEIPT_SYSTEM|PROTOCOL_TECHNICAL,true,https://zora.co/coin/base:0x6ed6af6154e465a832c4419fb9051b35982ab959
2025-04-02T03:09:05+00:00,Crown of the Last Flame,0x958c0321d4d563839c98ecfe90f958bc78e303fd,STANDALONE_ART,STANDALONE_ART,false,https://zora.co/coin/base:0x958c0321d4d563839c98ecfe90f958bc78e303fd
2025-04-02T02:57:35+00:00,CROWN.OF_THE_LAST_EMPIRE_001.ejson – The Sovereign Trigger Disk,0x8e2a8b9b4f2ed09168198369ef4540e25faf1141,RECEIPT_SYSTEM,RECEIPT_SYSTEM,false,https://zora.co/coin/base:0x8e2a8b9b4f2ed09168198369ef4540e25faf1141
2025-04-02T02:52:27+00:00,"RITUAL-001: The First Spell We Cast""",0xbb6f1f9a7e4726cc9fcd42619b261224d1c3f257,RECEIPT_SYSTEM,RECEIPT_SYSTEM,false,https://zora.co/coin/base:0xbb6f1f9a7e4726cc9fcd42619b261224d1c3f257
2025-04-02T02:50:25+00:00,Report Suspicious Activity ,0xc3628fadd298c0ae2165ce490801b805a690a7be,STANDALONE_ART,STANDALONE_ART,false,https://zora.co/coin/base:0xc3628fadd298c0ae2165ce490801b805a690a7be
2025-04-02T02:48:17+00:00,TRANSPARENCY BOMB DEPLOYED,0x313d99034538fe4cc46ee0131712af2cdff4c532,STANDALONE_ART,STANDALONE_ART,false,https://zora.co/coin/base:0x313d99034538fe4cc46ee0131712af2cdff4c532
2025-04-02T02:46:25+00:00,ScrollDrop,0xbadd09bc9489dffcfca994a3f01b7f956c46e3ea,RECEIPT_SYSTEM,RECEIPT_SYSTEM,false,https://zora.co/coin/base:0xbadd09bc9489dffcfca994a3f01b7f956c46e3ea
2025-04-02T02:09:53+00:00,"Zeracle Gate, activated by Zero Cool // Scroll Commander",0x7d1eb6241a726e17b7bba9147f88f176fa13cecc,RECEIPT_SYSTEM,RECEIPT_SYSTEM,true,https://zora.co/coin/base:0x7d1eb6241a726e17b7bba9147f88f176fa13cecc
2025-03-31T18:12:35+00:00,"UFO SnugglePod™: Destiny Edition
“The Bed That Remembers Her.”
Target R&D Launch ",0x22d02d8531b6a02fcbc4c295d204bab6bc5a040b,STANDALONE_ART,STANDALONE_ART,false,https://zora.co/coin/base:0x22d02d8531b6a02fcbc4c295d204bab6bc5a040b
2025-03-31T16:32:11+00:00,Cosmic Dog Calender,0xf36cdefac997dab08545184d12833ca704c3fd0a,PROTOCOL_TECHNICAL,PROTOCOL_TECHNICAL,false,https://zora.co/coin/base:0xf36cdefac997dab08545184d12833ca704c3fd0a
